attribution,assignment_count,file_count,section_count,as_tag_overlap_count
Frank Colquhoun,109,109,6,109
Daily Prayer,35,35,4,35
American Prayer Book,33,33,5,33
Augustine,29,29,1,29
Church of South India,27,27,4,27
Book of Common Order,23,23,6,23
Scottish Prayer Book,23,23,5,23
William Temple,22,22,5,22
New Every Morning,20,20,5,20
Prayers for the Christian Year,19,19,2,19
William Bright,19,19,5,19
J. R. W. Stott,17,17,6,17
Canadian Prayer Book,15,15,6,15
George Appleton,15,15,3,15
Frederick B. Macnutt,14,14,3,14
Gelasian Sacramentary,13,13,5,13
Adapted from Book of Common Prayer,12,12,5,12
Henry Alford,12,12,2,12
"The Kingdom, the Power, and the Glory",12,12,4,12
B. F. Westcott,11,11,4,11
Euchologium Anglicanum,11,11,1,11
Irish Prayer Book,11,11,4,11
Leonine Sacramentary,10,10,3,10
Canadian Prayer Book*,9,9,2,0
A Diocesan Service Book,8,8,4,8
A Procession of Passion Prayers,8,8,3,8
C. J. Vaughan,8,8,3,8
James M. Todd,8,8,4,8
L. E. H. Stephens-Hodge,8,8,1,8
Peter Green,8,8,2,8
St. Augustine,8,8,3,8
After the Third Collect,7,7,4,7
Basil Naylor,7,7,1,7
John Hunter,7,7,5,7
Lancelot Andrewes,7,7,4,7
With all our Strength,7,7,4,7
Ambrose,6,6,1,6
E. B. Pusey,6,6,3,6
Guild of Health,6,6,1,6
Henry Alford*,6,6,1,0
W. E. Orchard,6,6,2,6
"Canterbury Convocation, 1862",5,5,2,5
Christina Rossetti,5,5,2,5
Harold Anson,5,5,3,5
Harold Riley,5,5,1,5
James Ferguson,5,5,1,5
Jeremy Taylor,5,5,3,5
Lutheran Church,5,5,3,5
New Every Morning*,5,5,2,0
R. M. Benson,5,5,4,5
Richard D. Acland,5,5,1,5
Ruby E. Cleeve,5,5,1,5
South African Prayer Book,5,5,3,5
"The Kingdom, the Power, and the Glory*",5,5,4,0
Thomas Ken,5,5,3,5
W. E. Scudamore,5,5,1,5
William Knight,5,5,4,5
"A Form of Prayer, May 1940",4,4,2,4
A. McCheane*,4,4,1,0
Clement of Rome,4,4,1,4
Gregorian Sacramentary,4,4,3,4
Guild of St. Raphael,4,4,1,4
John Cosin,4,4,3,4
John Donne,4,4,2,4
Liturgy of the Catholic Apostolic Church*,4,4,2,0
Mothers’ Union,4,4,2,4
Mozarabic Sacramentary,4,4,2,4
Salisbury Book of Occasional Offices*,4,4,3,0
A Book of Prayers for Students*,3,3,2,0
"A Form of Prayer, August 1914",3,3,2,3
After Jeremy Taylor,3,3,2,3
American Prayer Book*,3,3,1,0
"Anglican Altar Services, 1941",3,3,1,3
Arthur W. Robinson,3,3,3,3
B. F. Westcott*,3,3,3,0
Basil,3,3,1,3
Country Services,3,3,1,3
E. M. Goulburn,3,3,2,3
E. Milner-White,3,3,1,3
E. W. Benson,3,3,2,3
Gelasian Sacramentary*,3,3,2,0
George Timms,3,3,1,3
"German Reformed Church, U.S.A.",3,3,1,3
Irish Prayer Book*,3,3,3,0
J. Armitage Robinson,3,3,2,3
J. Mountain*,3,3,1,0
John Chrysostom,3,3,1,3
Liturgy of the Catholic Apostolic Church,3,3,2,3
Mozarabic Sacramentary*,3,3,1,0
Nerses of Clajes,3,3,1,3
Percy Dearmer,3,3,1,3
Prayers of the World-Wide Church,3,3,2,3
Ryan Willers,3,3,1,3
The Daily Service,3,3,3,3
W. E. Orchard*,3,3,2,0
W. Walsham How*,3,3,2,0
William Knight*,3,3,1,0
A Book of Prayers for Students,2,2,2,2
A Book of Public Worship,2,2,1,2
A Book of Services and Prayers,2,2,1,2
A Devotional Diary,2,2,2,2
"A Form of Prayer, August 1918",2,2,1,2
A New Prayer Book,2,2,1,2
Adapted from Gelasian Sacramentary,2,2,2,2
Adapted from Irish Prayer Book,2,2,1,2
Adapted from Jeremy Taylor,2,2,2,2
Adapted from various sources,2,2,2,2
After Gelasian Sacramentary,2,2,2,2
After J. H. Newman,2,2,2,2
After Lancelot Andrewes,2,2,1,2
After St. Augustine,2,2,2,2
Alcuin,2,2,1,2
Ashton Oxenden*,2,2,2,0
Barnabas,2,2,1,2
Based on Book of Common Prayer,2,2,2,2
Book of Common Order*,2,2,2,0
"Canterbury Convocation, 1862*",2,2,1,0
Charles H. Brent,2,2,2,2
Charles Kingsley,2,2,2,2
Convocation of York,2,2,1,2
Erasmus*,2,2,2,0
F. T. Woods,2,2,2,2
Frank Houghton,2,2,2,2
Frederick Temple,2,2,2,2
From a prayer of the Eastern Church,2,2,2,2
From the Accession Service,2,2,1,2
Gallican Sacramentary,2,2,2,2
Gavin Hamilton,2,2,2,2
George H. Russell*,2,2,1,0
Gordon Hewitt,2,2,1,2
Gregorian Sacramentary*,2,2,1,0
Guild of Health*,2,2,2,0
H. F. Leatherland,2,2,1,2
Handley C. G. Moule*,2,2,1,0
Henry P. Liddon,2,2,1,2
J. Taylor Smith*,2,2,2,0
James Martineau,2,2,1,2
John Dowden,2,2,2,2
John Wesley’s Prayers,2,2,1,2
John Wesley’s Prayers*,2,2,2,0
John Wordsworth,2,2,1,2
"King’s College, Cambridge",2,2,2,2
Leslie D. Weatherhead,2,2,1,2
Leslie S. Hunter,2,2,2,2
Let Us Pray,2,2,2,2
Liturgy of St. James,2,2,2,2
Margaret Cropper,2,2,1,2
"National Mission, 1916",2,2,1,2
Office of None,2,2,1,2
Office of Sext,2,2,2,2
Polycarp,2,2,1,2
"Prayers for Education Sunday, 1956",2,2,1,2
Prayers for the Christian Year*,2,2,1,0
Prayers of the World-Wide Church*,2,2,2,0
Religious Drama Society,2,2,1,2
Salisbury Book of Occasional Offices,2,2,2,2
Salisbury Cathedral,2,2,2,2
South African Prayer Book*,2,2,2,0
Southwark Diocese,2,2,2,2
St. Anselm,2,2,1,2
St. Francis of Assisi,2,2,1,2
St. Ignatius Loyola,2,2,2,2
Student Prayer*,2,2,2,0
Sursum Corda,2,2,1,2
Thomas Wilson*,2,2,2,0
Thomas à Kempis,2,2,2,2
W. E. Scudamore*,2,2,2,0
W. H. Frere,2,2,1,2
W. Walsham How,2,2,2,2
William Bellars,2,2,2,2
William Laud,2,2,2,2
William Laud*,2,2,2,0
1 Peter 5:10–11,1,1,1,1
A Diocesan Service Book*,1,1,1,0
"A Form of Prayer, August 1918*",1,1,1,0
"A Form of Prayer, March 1941",1,1,1,1
"A Form of Prayer, October 1939",1,1,1,1
A Harvest of Myrrh and Spices (trs. W. H. Draper),1,1,1,1
A Prayer of the Eastern Church,1,1,1,1
A. S. T. Fisher,1,1,1,1
A.C.C.M.,1,1,1,1
Acts of Devotion,1,1,1,1
Adapted from a 16th c. German prayer,1,1,1,1
Adapted from A Book of Guide Prayers,1,1,1,1
Adapted from A Diocesan Service Book,1,1,1,1
Adapted from a prayer at the London Hospital,1,1,1,1
Adapted from a prayer for the General Synod in the Irish Prayer Book,1,1,1,1
Adapted from a prayer of A. E. Daldy,1,1,1,1
Adapted from a prayer of S.P.C.K.,1,1,1,1
Adapted from a prayer of St. Thomas Aquinas,1,1,1,1
Adapted from an ancient collect,1,1,1,1
Adapted from Book of Common Order,1,1,1,1
Adapted from Didache,1,1,1,1
Adapted from George Appleton,1,1,1,1
Adapted from John Donne,1,1,1,1
Adapted from Lancelot Andrewes (Daily Prayer),1,1,1,1
Adapted from Liturgy of St. James,1,1,1,1
Adapted from Micah 6:8,1,1,1,1
Adapted from Mozarabic Sacramentary,1,1,1,1
Adapted from Prayers for the Christian Year,1,1,1,1
Adapted from Roman Breviary,1,1,1,1
Adapted from Sarum Missal,1,1,1,1
Adapted from Sarum Primer,1,1,1,1
Adapted from Scottish Prayer Book,1,1,1,1
Adapted from St. Nerses of Clajes,1,1,1,1
Adapted from Student Prayer,1,1,1,1
Adapted from Thomas Arnold,1,1,1,1
After A. J. Mason,1,1,1,1
After Christina Rossetti,1,1,1,1
After George Wither (Daily Prayer),1,1,1,1
After Mozarabic Sacramentary,1,1,1,1
After Prayers of 1585,1,1,1,1
After Sir Francis Drake,1,1,1,1
After St. Anselm,1,1,1,1
After St. Francis of Assisi,1,1,1,1
After St. Fulgentius,1,1,1,1
After St. Jerome,1,1,1,1
After St. Thomas Aquinas,1,1,1,1
After the 55th Canon of 1603,1,1,1,1
After William Laud,1,1,1,1
An adaptation of the Gelasian prayer,1,1,1,1
An adaptation of the House of Commons Prayer,1,1,1,1
Anselm of Canterbury,1,1,1,1
"Armistice Day Prayers, 1931*",1,1,1,0
Artists’ Prayer Guild*,1,1,1,0
"Austrian Church Order, 1571",1,1,1,1
Based on 1 Peter 1:3–5,1,1,1,1
Based on 1 Peter 4:10–11,1,1,1,1
Based on 2 Corinthians 4:6,1,1,1,1
"Based on 2 John 3:23, 24",1,1,1,1
Based on 2 Timothy 3:5–17,1,1,1,1
Based on a 16th century prayer,1,1,1,1
"Based on a prayer of the Pan-Anglican Congress, 1908",1,1,1,1
Based on a sixteenth century prayer,1,1,1,1
Based on Colossians 1:10–12,1,1,1,1
Based on Colossians 3:1–4,1,1,1,1
Based on Confirmation Service,1,1,1,1
Based on Ephesians 1:17–21,1,1,1,1
Based on Ephesians 4:11–13,1,1,1,1
Based on Ephesians 4:30–32,1,1,1,1
Based on Ephesians 4:4–6,1,1,1,1
Based on Ephesians 6:11–17,1,1,1,1
"Based on Galatians 5:22, 23",1,1,1,1
Based on Hebrews 10:19–24,1,1,1,1
"Based on Hebrews 13:20, 21",1,1,1,1
Based on John 4:23; Isaiah 29:13; Psalm 103.,1,1,1,1
Based on Luke 8:15,1,1,1,1
Based on Numbers 6:24–26,1,1,1,1
Based on Philippians 1:9–11,1,1,1,1
Based on Philippians 2:8–11,1,1,1,1
Based on Philippians 2:9–11,1,1,1,1
Based on Philippians 4:4–7,1,1,1,1
"Based on Psalm 119. 105, 18, 162",1,1,1,1
Based on Psalm 23:1–3,1,1,1,1
Based on Romans 12:19–21,1,1,1,1
Based on Romans 12:6–10.,1,1,1,0
"Based on Romans 13. 11, 12,* 1 Thessalonians 5:8",1,1,1,0
Based on Romans 15:13,1,1,1,1
Based on Thomas Ken,1,1,1,1
Benedict of Nursia,1,1,1,1
Benjamin Jenks*,1,1,1,0
Bible Reading Fellowship,1,1,1,1
"Book of Hours, 1864",1,1,1,1
"Book of Offices, Methodist Church",1,1,1,1
Book of Prayers for Students,1,1,1,1
Book of Prayers for Students*,1,1,1,0
Book of Public Worship,1,1,1,1
British Hospital for Mothers and Babies,1,1,1,1
Brompton Parish Church,1,1,1,1
C. C. B. Bardsley*,1,1,1,0
C. J. Vaughan*,1,1,1,0
C. M. Blagden,1,1,1,1
C. S. Woodward,1,1,1,1
C.I.P.B.C. Prayer Book,1,1,1,1
Central Board of Finance,1,1,1,1
Charles F. d’Arcy,1,1,1,1
Charles Gore,1,1,1,1
Charles H. Brent*,1,1,1,0
Christian von Bunsen,1,1,1,1
Christian von Bunsen*,1,1,1,0
Christina Rossetti*,1,1,1,0
Church Army,1,1,1,1
Church’s Ministry among the Jews,1,1,1,1
Clement of Alexandria,1,1,1,1
Collect of Easter Even,1,1,1,1
Community of the Resurrection,1,1,1,1
Coptic Liturgy of St. Cyril,1,1,1,1
Country Services*,1,1,1,0
Daily Prayer*,1,1,1,0
Daybreak Office of the Eastern Church,1,1,1,1
Diocese of Rochester,1,1,1,1
Diocese of Southwark,1,1,1,1
Diocese of Southwark*,1,1,1,0
Diocese of Uganda,1,1,1,1
Douglas Crick,1,1,1,1
E. B. Pusey*,1,1,1,0
E. C. Ratcliff*,1,1,1,0
E. M. Venables*,1,1,1,0
E. W. Benson*,1,1,1,0
Edward Hawkins,1,1,1,1
Emil E. Fischer,1,1,1,1
Ephesians 3:14–19,1,1,1,1
"Ephesians 3:20, 21",1,1,1,1
Erasmus,1,1,1,1
Eric Fenn,1,1,1,1
Eugene Bersier,1,1,1,1
Eugene Bersier*,1,1,1,0
F. D. Maurice,1,1,1,1
F. J. A. Hort*,1,1,1,0
Faith and Order Conference Manual*,1,1,1,0
Fellowship Litanies,1,1,1,1
Fielding Ould,1,1,1,1
Fifth century,1,1,1,1
"Form of National Prayer, 1942",1,1,1,1
"Form of National Prayer, May 1940",1,1,1,1
Francis J. Moore*,1,1,1,0
Francis Xavier,1,1,1,1
Franciscan Breviary,1,1,1,1
Frank Edward Brightman,1,1,1,1
From an ancient prayer,1,1,1,1
From Book of Common Prayer,1,1,1,1
From Primer of 1555,1,1,1,1
From the Gothic,1,1,1,1
From the Litany,1,1,1,1
From the Liturgy of Malabar,1,1,1,1
From the Order of Compline,1,1,1,1
G. C. Binyon,1,1,1,1
G. C. Binyon*,1,1,1,0
G. E. L. Cotton,1,1,1,1
Gavin Hamilton*,1,1,1,0
Geneva Bible,1,1,1,1
Geoffrey F. Fisher,1,1,1,1
George Adam Smith,1,1,1,1
George Dawson*,1,1,1,0
George H. Russell,1,1,1,1
George Hickes,1,1,1,1
George Timms (after C. J. Vaughan),1,1,1,1
Gladys E. Bretherton,1,1,1,1
"Godly Prayers, 1559*",1,1,1,0
Gothic Missal,1,1,1,1
Gothic Missal *,1,1,1,0
Gregory Nazianzen,1,1,1,1
Guildford Diocese,1,1,1,1
H. Bisseker,1,1,1,1
H. C. Cooksey,1,1,1,1
H. J. Wotherspoon,1,1,1,1
H. Stobat,1,1,1,1
Handley C. G. Moule,1,1,1,1
"Hebrews 13:20, 21",1,1,1,1
Henry Hayman,1,1,1,1
Henry Scott Holland,1,1,1,1
Hugh Martin,1,1,1,1
Ignatius,1,1,1,1
In the Tradition of Francis of Assisi,1,1,1,1
In Watchings Often,1,1,1,1
Inter-Varsity Fellowship*,1,1,1,0
Irenaeus,1,1,1,1
J. Armitage Robinson*,1,1,1,0
J. H. Oldham,1,1,1,1
J. W. Suter,1,1,1,1
James Ferguson*,1,1,1,0
James Martineau*,1,1,1,0
James Mountain,1,1,1,1
James Mountain*,1,1,1,0
James Wareham,1,1,1,1
John Calvin,1,1,1,1
John Cosin*,1,1,1,0
John Henry Newman,1,1,1,1
John Hunter*,1,1,1,0
John Wesley,1,1,1,1
Joost de Blank,1,1,1,1
Joseph Hall,1,1,1,1
Joseph Mercier,1,1,1,1
"Jude 24, 25",1,1,1,1
Julian of Norwich,1,1,1,1
King Alfred,1,1,1,1
"King’s College Chapel, Cambridge",1,1,1,1
"Knox’s Book of Common Order, 1564",1,1,1,1
L. Tuttiet,1,1,1,1
"Lambeth Conference, 1930",1,1,1,1
"Lambeth Conference, 1958",1,1,1,1
Laurence Binyon,1,1,1,1
"Leaflet of the Collegium, 1914",1,1,1,1
Leonine Sacramentary*,1,1,1,0
Lionel James,1,1,1,1
Liturgy of St. Basil,1,1,1,1
Liturgy of St. Dionysius,1,1,1,1
Liturgy of St. Mark,1,1,1,1
Liturgy of the Reformed Church of France,1,1,1,1
Luke 2:15; Isaiah 9:6,1,1,1,1
M. A. P. Wood (after St. Augustine),1,1,1,1
Macrina the Younger,1,1,1,1
Mandell Creighton,1,1,1,1
Miles Coverdale,1,1,1,1
Mozarabic Liturgy,1,1,1,1
Nicholas Ridley,1,1,1,1
Non-Jurors’ Prayer Book,1,1,1,1
Nonjurors’ Prayer Book,1,1,1,1
Office of Compline,1,1,1,1
Old Galilean*,1,1,1,0
Olive Warner,1,1,1,1
Order of Compline,1,1,1,1
Oxford Diocesan Service Book,1,1,1,1
Pakenham Walsh,1,1,1,1
"Peace Prayers, 1946",1,1,1,1
Percy Dearmer*,1,1,1,0
Peter Green*,1,1,1,0
Prayer of the Order,1,1,1,1
Prayer of the Order of the Garter,1,1,1,1
"Prayers for Education Sunday, 1957",1,1,1,1
Praying for the Church Overseas,1,1,1,1
Praying for Unity,1,1,1,1
Priest’s Book of Private Devotion,1,1,1,1
Priest’s Prayer Book,1,1,1,1
"Psalms 104:24; 145:15, 16, 21",1,1,1,1
R. Ambrose Reeves,1,1,1,1
R. W. Stewart,1,1,1,1
Randall T. Davidson,1,1,1,1
"Revelation 1:5, 6",1,1,1,1
Revelation 4:11; 5:13,1,1,1,1
Richard Baxter*,1,1,1,0
Richard of Chichester,1,1,1,1
Robert N. Rodenmeyer,1,1,1,1
Robert Nelson,1,1,1,1
Roman Breviary,1,1,1,1
Roman Missal,1,1,1,1
Russian Contakion of the Departed,1,1,1,1
Rydal School Hymnal,1,1,1,1
S. Gladstone*,1,1,1,0
S. P. T. Prideaux,1,1,1,1
Samuel Johnson,1,1,1,1
Samuel Johnson*,1,1,1,0
Sarum Breviary,1,1,1,1
Sarum Missal,1,1,1,1
School Prayers*,1,1,1,0
Service Book for the Young,1,1,1,1
"St. Aldate’s Church, Oxford",1,1,1,1
St. Benedict,1,1,1,1
St. Hilary of Poitiers*,1,1,1,0
St. Patrick’s Breastplate,1,1,1,1
St. Paul’s Cathedral,1,1,1,1
St. Richard of Chichester,1,1,1,1
St. Thomas Aquinas,1,1,1,1
Student Christian Movement,1,1,1,1
Student Prayer,1,1,1,1
Suzanne de Dietrich,1,1,1,1
Te Deum,1,1,1,1
The Boys’ Prayer Book,1,1,1,1
The C.M.S. Prayer adapted,1,1,1,1
The Earl of Meath*,1,1,1,0
"The Missionary Conference, 1894",1,1,1,1
"The Missionary Conference, 1894*",1,1,1,0
The Narrow Way,1,1,1,1
The Prayer Manual,1,1,1,1
The Royal Maundy,1,1,1,1
The Splendour of God,1,1,1,1
The Splendour of God*,1,1,1,0
The Unfolding Year,1,1,1,1
Thomas Aquinas,1,1,1,1
Thomas Becon,1,1,1,1
Thomas Wilson,1,1,1,1
Toc H Prayers,1,1,1,1
"Trinity College, Dublin",1,1,1,1
"United Lutheran Church, U.S.A.",1,1,1,1
United Society for Christian Literature,1,1,1,1
Uppingham School Prayers,1,1,1,1
W. Bellars*,1,1,1,0
W. Boyd Carpenter*,1,1,1,0
W. Charter Piggott,1,1,1,1
W. H. Frere*,1,1,1,0
W. Hay Aitken,1,1,1,1
W. J. Butler*,1,1,1,0
W. K. Hamilton*,1,1,1,0
W. L. Anderson,1,1,1,1
W. M. Clow,1,1,1,1
W. Rigby Murray,1,1,1,1
W. Walshanz How*,1,1,1,0
W. Waltham How*,1,1,1,0
"War Prayers, 1940",1,1,1,1
Westminster Prayers*,1,1,1,0
When Two or Three,1,1,1,1
Wilfred B. Hornby,1,1,1,1
William Bright *,1,1,1,0
William Martin*,1,1,1,0
Winchester Cathedral,1,1,1,1
York Diocese,1,1,1,1
"York Minster, 1547",1,1,1,1
