raw_value,assignment_count,file_count,canonical_value,action,notes
Frank Colquhoun,109,109,Frank Colquhoun,keep,
Daily Prayer,35,35,Daily Prayer,keep,
American Prayer Book,33,33,American Prayer Book,keep,
Augustine,29,29,Augustine,keep,
Church of South India,27,27,Church of South India,keep,
Book of Common Order,23,23,Book of Common Order,keep,
Scottish Prayer Book,23,23,Scottish Prayer Book,keep,
William Temple,22,22,William Temple,keep,
New Every Morning,20,20,New Every Morning,keep,
Prayers for the Christian Year,19,19,Prayers for the Christian Year,keep,
William Bright,19,19,William Bright,keep,
J. R. W. Stott,17,17,J. R. W. Stott,keep,
Canadian Prayer Book,15,15,Canadian Prayer Book,keep,
George Appleton,15,15,George Appleton,keep,
Frederick B. Macnutt,14,14,Frederick B. Macnutt,keep,
Gelasian Sacramentary,13,13,Gelasian Sacramentary,keep,
Adapted from Book of Common Prayer,12,12,Adapted from Book of Common Prayer,keep,
Henry Alford,12,12,Henry Alford,keep,
"The Kingdom, the Power, and the Glory",12,12,"The Kingdom, the Power, and the Glory",keep,
B. F. Westcott,11,11,B. F. Westcott,keep,
Euchologium Anglicanum,11,11,Euchologium Anglicanum,keep,
Irish Prayer Book,11,11,Irish Prayer Book,keep,
Leonine Sacramentary,10,10,Leonine Sacramentary,keep,
Canadian Prayer Book*,9,9,Canadian Prayer Book*,keep,
A Diocesan Service Book,8,8,A Diocesan Service Book,keep,
A Procession of Passion Prayers,8,8,A Procession of Passion Prayers,keep,
C. J. Vaughan,8,8,C. J. Vaughan,keep,
James M. Todd,8,8,James M. Todd,keep,
L. E. H. Stephens-Hodge,8,8,L. E. H. Stephens-Hodge,keep,
Peter Green,8,8,Peter Green,keep,
St. Augustine,8,8,St. Augustine,keep,
After the Third Collect,7,7,After the Third Collect,keep,
Basil Naylor,7,7,Basil Naylor,keep,
John Hunter,7,7,John Hunter,keep,
Lancelot Andrewes,7,7,Lancelot Andrewes,keep,
With all our Strength,7,7,With all our Strength,keep,
Ambrose,6,6,Ambrose,keep,
E. B. Pusey,6,6,E. B. Pusey,keep,
Guild of Health,6,6,Guild of Health,keep,
Henry Alford*,6,6,Henry Alford*,keep,
W. E. Orchard,6,6,W. E. Orchard,keep,
"Canterbury Convocation, 1862",5,5,"Canterbury Convocation, 1862",keep,
Christina Rossetti,5,5,Christina Rossetti,keep,
Harold Anson,5,5,Harold Anson,keep,
Harold Riley,5,5,Harold Riley,keep,
James Ferguson,5,5,James Ferguson,keep,
Jeremy Taylor,5,5,Jeremy Taylor,keep,
Lutheran Church,5,5,Lutheran Church,keep,
New Every Morning*,5,5,New Every Morning*,keep,
R. M. Benson,5,5,R. M. Benson,keep,
Richard D. Acland,5,5,Richard D. Acland,keep,
Ruby E. Cleeve,5,5,Ruby E. Cleeve,keep,
South African Prayer Book,5,5,South African Prayer Book,keep,
"The Kingdom, the Power, and the Glory*",5,5,"The Kingdom, the Power, and the Glory*",keep,
Thomas Ken,5,5,Thomas Ken,keep,
W. E. Scudamore,5,5,W. E. Scudamore,keep,
William Knight,5,5,William Knight,keep,
"A Form of Prayer, May 1940",4,4,"A Form of Prayer, May 1940",keep,
A. McCheane*,4,4,A. McCheane*,keep,
Clement of Rome,4,4,Clement of Rome,keep,
Gregorian Sacramentary,4,4,Gregorian Sacramentary,keep,
Guild of St. Raphael,4,4,Guild of St. Raphael,keep,
John Cosin,4,4,John Cosin,keep,
John Donne,4,4,John Donne,keep,
Liturgy of the Catholic Apostolic Church*,4,4,Liturgy of the Catholic Apostolic Church*,keep,
Mothers’ Union,4,4,Mothers’ Union,keep,
Mozarabic Sacramentary,4,4,Mozarabic Sacramentary,keep,
Salisbury Book of Occasional Offices*,4,4,Salisbury Book of Occasional Offices*,keep,
A Book of Prayers for Students*,3,3,A Book of Prayers for Students*,keep,
"A Form of Prayer, August 1914",3,3,"A Form of Prayer, August 1914",keep,
After Jeremy Taylor,3,3,After Jeremy Taylor,keep,
American Prayer Book*,3,3,American Prayer Book*,keep,
"Anglican Altar Services, 1941",3,3,"Anglican Altar Services, 1941",keep,
Arthur W. Robinson,3,3,Arthur W. Robinson,keep,
B. F. Westcott*,3,3,B. F. Westcott*,keep,
Basil,3,3,Basil,keep,
Country Services,3,3,Country Services,keep,
E. M. Goulburn,3,3,E. M. Goulburn,keep,
E. Milner-White,3,3,E. Milner-White,keep,
E. W. Benson,3,3,E. W. Benson,keep,
Gelasian Sacramentary*,3,3,Gelasian Sacramentary*,keep,
George Timms,3,3,George Timms,keep,
"German Reformed Church, U.S.A.",3,3,"German Reformed Church, U.S.A.",keep,
Irish Prayer Book*,3,3,Irish Prayer Book*,keep,
J. Armitage Robinson,3,3,J. Armitage Robinson,keep,
J. Mountain*,3,3,J. Mountain*,keep,
John Chrysostom,3,3,John Chrysostom,keep,
Liturgy of the Catholic Apostolic Church,3,3,Liturgy of the Catholic Apostolic Church,keep,
Mozarabic Sacramentary*,3,3,Mozarabic Sacramentary*,keep,
Nerses of Clajes,3,3,Nerses of Clajes,keep,
Percy Dearmer,3,3,Percy Dearmer,keep,
Prayers of the World-Wide Church,3,3,Prayers of the World-Wide Church,keep,
Ryan Willers,3,3,Ryan Willers,keep,
The Daily Service,3,3,The Daily Service,keep,
W. E. Orchard*,3,3,W. E. Orchard*,keep,
W. Walsham How*,3,3,W. Walsham How*,keep,
William Knight*,3,3,William Knight*,keep,
A Book of Prayers for Students,2,2,A Book of Prayers for Students,keep,
A Book of Public Worship,2,2,A Book of Public Worship,keep,
A Book of Services and Prayers,2,2,A Book of Services and Prayers,keep,
A Devotional Diary,2,2,A Devotional Diary,keep,
"A Form of Prayer, August 1918",2,2,"A Form of Prayer, August 1918",keep,
A New Prayer Book,2,2,A New Prayer Book,keep,
Adapted from Gelasian Sacramentary,2,2,Adapted from Gelasian Sacramentary,keep,
Adapted from Irish Prayer Book,2,2,Adapted from Irish Prayer Book,keep,
Adapted from Jeremy Taylor,2,2,Adapted from Jeremy Taylor,keep,
Adapted from various sources,2,2,Adapted from various sources,keep,
After Gelasian Sacramentary,2,2,After Gelasian Sacramentary,keep,
After J. H. Newman,2,2,After J. H. Newman,keep,
After Lancelot Andrewes,2,2,After Lancelot Andrewes,keep,
After St. Augustine,2,2,After St. Augustine,keep,
Alcuin,2,2,Alcuin,keep,
Ashton Oxenden*,2,2,Ashton Oxenden*,keep,
Barnabas,2,2,Barnabas,keep,
Based on Book of Common Prayer,2,2,Based on Book of Common Prayer,keep,
Book of Common Order*,2,2,Book of Common Order*,keep,
"Canterbury Convocation, 1862*",2,2,"Canterbury Convocation, 1862*",keep,
Charles H. Brent,2,2,Charles H. Brent,keep,
Charles Kingsley,2,2,Charles Kingsley,keep,
Convocation of York,2,2,Convocation of York,keep,
Erasmus*,2,2,Erasmus*,keep,
F. T. Woods,2,2,F. T. Woods,keep,
Frank Houghton,2,2,Frank Houghton,keep,
Frederick Temple,2,2,Frederick Temple,keep,
From a prayer of the Eastern Church,2,2,From a prayer of the Eastern Church,keep,
From the Accession Service,2,2,From the Accession Service,keep,
Gallican Sacramentary,2,2,Gallican Sacramentary,keep,
Gavin Hamilton,2,2,Gavin Hamilton,keep,
George H. Russell*,2,2,George H. Russell*,keep,
Gordon Hewitt,2,2,Gordon Hewitt,keep,
Gregorian Sacramentary*,2,2,Gregorian Sacramentary*,keep,
Guild of Health*,2,2,Guild of Health*,keep,
H. F. Leatherland,2,2,H. F. Leatherland,keep,
Handley C. G. Moule*,2,2,Handley C. G. Moule*,keep,
Henry P. Liddon,2,2,Henry P. Liddon,keep,
J. Taylor Smith*,2,2,J. Taylor Smith*,keep,
James Martineau,2,2,James Martineau,keep,
John Dowden,2,2,John Dowden,keep,
John Wesley’s Prayers,2,2,John Wesley’s Prayers,keep,
John Wesley’s Prayers*,2,2,John Wesley’s Prayers*,keep,
John Wordsworth,2,2,John Wordsworth,keep,
"King’s College, Cambridge",2,2,"King’s College, Cambridge",keep,
Leslie D. Weatherhead,2,2,Leslie D. Weatherhead,keep,
Leslie S. Hunter,2,2,Leslie S. Hunter,keep,
Let Us Pray,2,2,Let Us Pray,keep,
Liturgy of St. James,2,2,Liturgy of St. James,keep,
Margaret Cropper,2,2,Margaret Cropper,keep,
"National Mission, 1916",2,2,"National Mission, 1916",keep,
Office of None,2,2,Office of None,keep,
Office of Sext,2,2,Office of Sext,keep,
Polycarp,2,2,Polycarp,keep,
"Prayers for Education Sunday, 1956",2,2,"Prayers for Education Sunday, 1956",keep,
Prayers for the Christian Year*,2,2,Prayers for the Christian Year*,keep,
Prayers of the World-Wide Church*,2,2,Prayers of the World-Wide Church*,keep,
Religious Drama Society,2,2,Religious Drama Society,keep,
Salisbury Book of Occasional Offices,2,2,Salisbury Book of Occasional Offices,keep,
Salisbury Cathedral,2,2,Salisbury Cathedral,keep,
South African Prayer Book*,2,2,South African Prayer Book*,keep,
Southwark Diocese,2,2,Southwark Diocese,keep,
St. Anselm,2,2,St. Anselm,keep,
St. Francis of Assisi,2,2,St. Francis of Assisi,keep,
St. Ignatius Loyola,2,2,St. Ignatius Loyola,keep,
Student Prayer*,2,2,Student Prayer*,keep,
Sursum Corda,2,2,Sursum Corda,keep,
Thomas Wilson*,2,2,Thomas Wilson*,keep,
Thomas à Kempis,2,2,Thomas à Kempis,keep,
W. E. Scudamore*,2,2,W. E. Scudamore*,keep,
W. H. Frere,2,2,W. H. Frere,keep,
W. Walsham How,2,2,W. Walsham How,keep,
William Bellars,2,2,William Bellars,keep,
William Laud,2,2,William Laud,keep,
William Laud*,2,2,William Laud*,keep,
1 Peter 5:10–11,1,1,1 Peter 5:10–11,keep,
A Diocesan Service Book*,1,1,A Diocesan Service Book*,keep,
"A Form of Prayer, August 1918*",1,1,"A Form of Prayer, August 1918*",keep,
"A Form of Prayer, March 1941",1,1,"A Form of Prayer, March 1941",keep,
"A Form of Prayer, October 1939",1,1,"A Form of Prayer, October 1939",keep,
A Harvest of Myrrh and Spices (trs. W. H. Draper),1,1,A Harvest of Myrrh and Spices (trs. W. H. Draper),keep,
A Prayer of the Eastern Church,1,1,A Prayer of the Eastern Church,keep,
A. S. T. Fisher,1,1,A. S. T. Fisher,keep,
A.C.C.M.,1,1,A.C.C.M.,keep,
Acts of Devotion,1,1,Acts of Devotion,keep,
Adapted from a 16th c. German prayer,1,1,Adapted from a 16th c. German prayer,keep,
Adapted from A Book of Guide Prayers,1,1,Adapted from A Book of Guide Prayers,keep,
Adapted from A Diocesan Service Book,1,1,Adapted from A Diocesan Service Book,keep,
Adapted from a prayer at the London Hospital,1,1,Adapted from a prayer at the London Hospital,keep,
Adapted from a prayer for the General Synod in the Irish Prayer Book,1,1,Adapted from a prayer for the General Synod in the Irish Prayer Book,keep,
Adapted from a prayer of A. E. Daldy,1,1,Adapted from a prayer of A. E. Daldy,keep,
Adapted from a prayer of S.P.C.K.,1,1,Adapted from a prayer of S.P.C.K.,keep,
Adapted from a prayer of St. Thomas Aquinas,1,1,Adapted from a prayer of St. Thomas Aquinas,keep,
Adapted from an ancient collect,1,1,Adapted from an ancient collect,keep,
Adapted from Book of Common Order,1,1,Adapted from Book of Common Order,keep,
Adapted from Didache,1,1,Adapted from Didache,keep,
Adapted from George Appleton,1,1,Adapted from George Appleton,keep,
Adapted from John Donne,1,1,Adapted from John Donne,keep,
Adapted from Lancelot Andrewes (Daily Prayer),1,1,Adapted from Lancelot Andrewes (Daily Prayer),keep,
Adapted from Liturgy of St. James,1,1,Adapted from Liturgy of St. James,keep,
Adapted from Micah 6:8,1,1,Adapted from Micah 6:8,keep,
Adapted from Mozarabic Sacramentary,1,1,Adapted from Mozarabic Sacramentary,keep,
Adapted from Prayers for the Christian Year,1,1,Adapted from Prayers for the Christian Year,keep,
Adapted from Roman Breviary,1,1,Adapted from Roman Breviary,keep,
Adapted from Sarum Missal,1,1,Adapted from Sarum Missal,keep,
Adapted from Sarum Primer,1,1,Adapted from Sarum Primer,keep,
Adapted from Scottish Prayer Book,1,1,Adapted from Scottish Prayer Book,keep,
Adapted from St. Nerses of Clajes,1,1,Adapted from St. Nerses of Clajes,keep,
Adapted from Student Prayer,1,1,Adapted from Student Prayer,keep,
Adapted from Thomas Arnold,1,1,Adapted from Thomas Arnold,keep,
After A. J. Mason,1,1,After A. J. Mason,keep,
After Christina Rossetti,1,1,After Christina Rossetti,keep,
After George Wither (Daily Prayer),1,1,After George Wither (Daily Prayer),keep,
After Mozarabic Sacramentary,1,1,After Mozarabic Sacramentary,keep,
After Prayers of 1585,1,1,After Prayers of 1585,keep,
After Sir Francis Drake,1,1,After Sir Francis Drake,keep,
After St. Anselm,1,1,After St. Anselm,keep,
After St. Francis of Assisi,1,1,After St. Francis of Assisi,keep,
After St. Fulgentius,1,1,After St. Fulgentius,keep,
After St. Jerome,1,1,After St. Jerome,keep,
After St. Thomas Aquinas,1,1,After St. Thomas Aquinas,keep,
After the 55th Canon of 1603,1,1,After the 55th Canon of 1603,keep,
After William Laud,1,1,After William Laud,keep,
An adaptation of the Gelasian prayer,1,1,An adaptation of the Gelasian prayer,keep,
An adaptation of the House of Commons Prayer,1,1,An adaptation of the House of Commons Prayer,keep,
Anselm of Canterbury,1,1,Anselm of Canterbury,keep,
"Armistice Day Prayers, 1931*",1,1,"Armistice Day Prayers, 1931*",keep,
Artists’ Prayer Guild*,1,1,Artists’ Prayer Guild*,keep,
"Austrian Church Order, 1571",1,1,"Austrian Church Order, 1571",keep,
Based on 1 Peter 1:3–5,1,1,Based on 1 Peter 1:3–5,keep,
Based on 1 Peter 4:10–11,1,1,Based on 1 Peter 4:10–11,keep,
Based on 2 Corinthians 4:6,1,1,Based on 2 Corinthians 4:6,keep,
"Based on 2 John 3:23, 24",1,1,"Based on 2 John 3:23, 24",keep,
Based on 2 Timothy 3:5–17,1,1,Based on 2 Timothy 3:5–17,keep,
Based on a 16th century prayer,1,1,Based on a 16th century prayer,keep,
"Based on a prayer of the Pan-Anglican Congress, 1908",1,1,"Based on a prayer of the Pan-Anglican Congress, 1908",keep,
Based on a sixteenth century prayer,1,1,Based on a sixteenth century prayer,keep,
Based on Colossians 1:10–12,1,1,Based on Colossians 1:10–12,keep,
Based on Colossians 3:1–4,1,1,Based on Colossians 3:1–4,keep,
Based on Confirmation Service,1,1,Based on Confirmation Service,keep,
Based on Ephesians 1:17–21,1,1,Based on Ephesians 1:17–21,keep,
Based on Ephesians 4:11–13,1,1,Based on Ephesians 4:11–13,keep,
Based on Ephesians 4:30–32,1,1,Based on Ephesians 4:30–32,keep,
Based on Ephesians 4:4–6,1,1,Based on Ephesians 4:4–6,keep,
Based on Ephesians 6:11–17,1,1,Based on Ephesians 6:11–17,keep,
"Based on Galatians 5:22, 23",1,1,"Based on Galatians 5:22, 23",keep,
Based on Hebrews 10:19–24,1,1,Based on Hebrews 10:19–24,keep,
"Based on Hebrews 13:20, 21",1,1,"Based on Hebrews 13:20, 21",keep,
Based on John 4:23; Isaiah 29:13; Psalm 103.,1,1,Based on John 4:23; Isaiah 29:13; Psalm 103.,keep,
Based on Luke 8:15,1,1,Based on Luke 8:15,keep,
Based on Numbers 6:24–26,1,1,Based on Numbers 6:24–26,keep,
Based on Philippians 1:9–11,1,1,Based on Philippians 1:9–11,keep,
Based on Philippians 2:8–11,1,1,Based on Philippians 2:8–11,keep,
Based on Philippians 2:9–11,1,1,Based on Philippians 2:9–11,keep,
Based on Philippians 4:4–7,1,1,Based on Philippians 4:4–7,keep,
"Based on Psalm 119. 105, 18, 162",1,1,"Based on Psalm 119. 105, 18, 162",keep,
Based on Psalm 23:1–3,1,1,Based on Psalm 23:1–3,keep,
Based on Romans 12:19–21,1,1,Based on Romans 12:19–21,keep,
Based on Romans 12:6–10.,1,1,Based on Romans 12:6–10.,keep,
"Based on Romans 13. 11, 12,* 1 Thessalonians 5:8",1,1,"Based on Romans 13. 11, 12,* 1 Thessalonians 5:8",keep,
Based on Romans 15:13,1,1,Based on Romans 15:13,keep,
Based on Thomas Ken,1,1,Based on Thomas Ken,keep,
Benedict of Nursia,1,1,Benedict of Nursia,keep,
Benjamin Jenks*,1,1,Benjamin Jenks*,keep,
Bible Reading Fellowship,1,1,Bible Reading Fellowship,keep,
"Book of Hours, 1864",1,1,"Book of Hours, 1864",keep,
"Book of Offices, Methodist Church",1,1,"Book of Offices, Methodist Church",keep,
Book of Prayers for Students,1,1,Book of Prayers for Students,keep,
Book of Prayers for Students*,1,1,Book of Prayers for Students*,keep,
Book of Public Worship,1,1,Book of Public Worship,keep,
British Hospital for Mothers and Babies,1,1,British Hospital for Mothers and Babies,keep,
Brompton Parish Church,1,1,Brompton Parish Church,keep,
C. C. B. Bardsley*,1,1,C. C. B. Bardsley*,keep,
C. J. Vaughan*,1,1,C. J. Vaughan*,keep,
C. M. Blagden,1,1,C. M. Blagden,keep,
C. S. Woodward,1,1,C. S. Woodward,keep,
C.I.P.B.C. Prayer Book,1,1,C.I.P.B.C. Prayer Book,keep,
Central Board of Finance,1,1,Central Board of Finance,keep,
Charles F. d’Arcy,1,1,Charles F. d’Arcy,keep,
Charles Gore,1,1,Charles Gore,keep,
Charles H. Brent*,1,1,Charles H. Brent*,keep,
Christian von Bunsen,1,1,Christian von Bunsen,keep,
Christian von Bunsen*,1,1,Christian von Bunsen*,keep,
Christina Rossetti*,1,1,Christina Rossetti*,keep,
Church Army,1,1,Church Army,keep,
Church’s Ministry among the Jews,1,1,Church’s Ministry among the Jews,keep,
Clement of Alexandria,1,1,Clement of Alexandria,keep,
Collect of Easter Even,1,1,Collect of Easter Even,keep,
Community of the Resurrection,1,1,Community of the Resurrection,keep,
Coptic Liturgy of St. Cyril,1,1,Coptic Liturgy of St. Cyril,keep,
Country Services*,1,1,Country Services*,keep,
Daily Prayer*,1,1,Daily Prayer*,keep,
Daybreak Office of the Eastern Church,1,1,Daybreak Office of the Eastern Church,keep,
Diocese of Rochester,1,1,Diocese of Rochester,keep,
Diocese of Southwark,1,1,Diocese of Southwark,keep,
Diocese of Southwark*,1,1,Diocese of Southwark*,keep,
Diocese of Uganda,1,1,Diocese of Uganda,keep,
Douglas Crick,1,1,Douglas Crick,keep,
E. B. Pusey*,1,1,E. B. Pusey*,keep,
E. C. Ratcliff*,1,1,E. C. Ratcliff*,keep,
E. M. Venables*,1,1,E. M. Venables*,keep,
E. W. Benson*,1,1,E. W. Benson*,keep,
Edward Hawkins,1,1,Edward Hawkins,keep,
Emil E. Fischer,1,1,Emil E. Fischer,keep,
Ephesians 3:14–19,1,1,Ephesians 3:14–19,keep,
"Ephesians 3:20, 21",1,1,"Ephesians 3:20, 21",keep,
Erasmus,1,1,Erasmus,keep,
Eric Fenn,1,1,Eric Fenn,keep,
Eugene Bersier,1,1,Eugene Bersier,keep,
Eugene Bersier*,1,1,Eugene Bersier*,keep,
F. D. Maurice,1,1,F. D. Maurice,keep,
F. J. A. Hort*,1,1,F. J. A. Hort*,keep,
Faith and Order Conference Manual*,1,1,Faith and Order Conference Manual*,keep,
Fellowship Litanies,1,1,Fellowship Litanies,keep,
Fielding Ould,1,1,Fielding Ould,keep,
Fifth century,1,1,Fifth century,keep,
"Form of National Prayer, 1942",1,1,"Form of National Prayer, 1942",keep,
"Form of National Prayer, May 1940",1,1,"Form of National Prayer, May 1940",keep,
Francis J. Moore*,1,1,Francis J. Moore*,keep,
Francis Xavier,1,1,Francis Xavier,keep,
Franciscan Breviary,1,1,Franciscan Breviary,keep,
Frank Edward Brightman,1,1,Frank Edward Brightman,keep,
From an ancient prayer,1,1,From an ancient prayer,keep,
From Book of Common Prayer,1,1,From Book of Common Prayer,keep,
From Primer of 1555,1,1,From Primer of 1555,keep,
From the Gothic,1,1,From the Gothic,keep,
From the Litany,1,1,From the Litany,keep,
From the Liturgy of Malabar,1,1,From the Liturgy of Malabar,keep,
From the Order of Compline,1,1,From the Order of Compline,keep,
G. C. Binyon,1,1,G. C. Binyon,keep,
G. C. Binyon*,1,1,G. C. Binyon*,keep,
G. E. L. Cotton,1,1,G. E. L. Cotton,keep,
Gavin Hamilton*,1,1,Gavin Hamilton*,keep,
Geneva Bible,1,1,Geneva Bible,keep,
Geoffrey F. Fisher,1,1,Geoffrey F. Fisher,keep,
George Adam Smith,1,1,George Adam Smith,keep,
George Dawson*,1,1,George Dawson*,keep,
George H. Russell,1,1,George H. Russell,keep,
George Hickes,1,1,George Hickes,keep,
George Timms (after C. J. Vaughan),1,1,George Timms (after C. J. Vaughan),keep,
Gladys E. Bretherton,1,1,Gladys E. Bretherton,keep,
"Godly Prayers, 1559*",1,1,"Godly Prayers, 1559*",keep,
Gothic Missal,1,1,Gothic Missal,keep,
Gothic Missal *,1,1,Gothic Missal *,keep,
Gregory Nazianzen,1,1,Gregory Nazianzen,keep,
Guildford Diocese,1,1,Guildford Diocese,keep,
H. Bisseker,1,1,H. Bisseker,keep,
H. C. Cooksey,1,1,H. C. Cooksey,keep,
H. J. Wotherspoon,1,1,H. J. Wotherspoon,keep,
H. Stobat,1,1,H. Stobat,keep,
Handley C. G. Moule,1,1,Handley C. G. Moule,keep,
"Hebrews 13:20, 21",1,1,"Hebrews 13:20, 21",keep,
Henry Hayman,1,1,Henry Hayman,keep,
Henry Scott Holland,1,1,Henry Scott Holland,keep,
Hugh Martin,1,1,Hugh Martin,keep,
Ignatius,1,1,Ignatius,keep,
In the Tradition of Francis of Assisi,1,1,In the Tradition of Francis of Assisi,keep,
In Watchings Often,1,1,In Watchings Often,keep,
Inter-Varsity Fellowship*,1,1,Inter-Varsity Fellowship*,keep,
Irenaeus,1,1,Irenaeus,keep,
J. Armitage Robinson*,1,1,J. Armitage Robinson*,keep,
J. H. Oldham,1,1,J. H. Oldham,keep,
J. W. Suter,1,1,J. W. Suter,keep,
James Ferguson*,1,1,James Ferguson*,keep,
James Martineau*,1,1,James Martineau*,keep,
James Mountain,1,1,James Mountain,keep,
James Mountain*,1,1,James Mountain*,keep,
James Wareham,1,1,James Wareham,keep,
John Calvin,1,1,John Calvin,keep,
John Cosin*,1,1,John Cosin*,keep,
John Henry Newman,1,1,John Henry Newman,keep,
John Hunter*,1,1,John Hunter*,keep,
John Wesley,1,1,John Wesley,keep,
Joost de Blank,1,1,Joost de Blank,keep,
Joseph Hall,1,1,Joseph Hall,keep,
Joseph Mercier,1,1,Joseph Mercier,keep,
"Jude 24, 25",1,1,"Jude 24, 25",keep,
Julian of Norwich,1,1,Julian of Norwich,keep,
King Alfred,1,1,King Alfred,keep,
"King’s College Chapel, Cambridge",1,1,"King’s College Chapel, Cambridge",keep,
"Knox’s Book of Common Order, 1564",1,1,"Knox’s Book of Common Order, 1564",keep,
L. Tuttiet,1,1,L. Tuttiet,keep,
"Lambeth Conference, 1930",1,1,"Lambeth Conference, 1930",keep,
"Lambeth Conference, 1958",1,1,"Lambeth Conference, 1958",keep,
Laurence Binyon,1,1,Laurence Binyon,keep,
"Leaflet of the Collegium, 1914",1,1,"Leaflet of the Collegium, 1914",keep,
Leonine Sacramentary*,1,1,Leonine Sacramentary*,keep,
Lionel James,1,1,Lionel James,keep,
Liturgy of St. Basil,1,1,Liturgy of St. Basil,keep,
Liturgy of St. Dionysius,1,1,Liturgy of St. Dionysius,keep,
Liturgy of St. Mark,1,1,Liturgy of St. Mark,keep,
Liturgy of the Reformed Church of France,1,1,Liturgy of the Reformed Church of France,keep,
Luke 2:15; Isaiah 9:6,1,1,Luke 2:15; Isaiah 9:6,keep,
M. A. P. Wood (after St. Augustine),1,1,M. A. P. Wood (after St. Augustine),keep,
Macrina the Younger,1,1,Macrina the Younger,keep,
Mandell Creighton,1,1,Mandell Creighton,keep,
Miles Coverdale,1,1,Miles Coverdale,keep,
Mozarabic Liturgy,1,1,Mozarabic Liturgy,keep,
Nicholas Ridley,1,1,Nicholas Ridley,keep,
Non-Jurors’ Prayer Book,1,1,Non-Jurors’ Prayer Book,keep,
Nonjurors’ Prayer Book,1,1,Nonjurors’ Prayer Book,keep,
Office of Compline,1,1,Office of Compline,keep,
Old Galilean*,1,1,Old Galilean*,keep,
Olive Warner,1,1,Olive Warner,keep,
Order of Compline,1,1,Order of Compline,keep,
Oxford Diocesan Service Book,1,1,Oxford Diocesan Service Book,keep,
Pakenham Walsh,1,1,Pakenham Walsh,keep,
"Peace Prayers, 1946",1,1,"Peace Prayers, 1946",keep,
Percy Dearmer*,1,1,Percy Dearmer*,keep,
Peter Green*,1,1,Peter Green*,keep,
Prayer of the Order,1,1,Prayer of the Order,keep,
Prayer of the Order of the Garter,1,1,Prayer of the Order of the Garter,keep,
"Prayers for Education Sunday, 1957",1,1,"Prayers for Education Sunday, 1957",keep,
Praying for the Church Overseas,1,1,Praying for the Church Overseas,keep,
Praying for Unity,1,1,Praying for Unity,keep,
Priest’s Book of Private Devotion,1,1,Priest’s Book of Private Devotion,keep,
Priest’s Prayer Book,1,1,Priest’s Prayer Book,keep,
"Psalms 104:24; 145:15, 16, 21",1,1,"Psalms 104:24; 145:15, 16, 21",keep,
R. Ambrose Reeves,1,1,R. Ambrose Reeves,keep,
R. W. Stewart,1,1,R. W. Stewart,keep,
Randall T. Davidson,1,1,Randall T. Davidson,keep,
"Revelation 1:5, 6",1,1,"Revelation 1:5, 6",keep,
Revelation 4:11; 5:13,1,1,Revelation 4:11; 5:13,keep,
Richard Baxter*,1,1,Richard Baxter*,keep,
Richard of Chichester,1,1,Richard of Chichester,keep,
Robert N. Rodenmeyer,1,1,Robert N. Rodenmeyer,keep,
Robert Nelson,1,1,Robert Nelson,keep,
Roman Breviary,1,1,Roman Breviary,keep,
Roman Missal,1,1,Roman Missal,keep,
Russian Contakion of the Departed,1,1,Russian Contakion of the Departed,keep,
Rydal School Hymnal,1,1,Rydal School Hymnal,keep,
S. Gladstone*,1,1,S. Gladstone*,keep,
S. P. T. Prideaux,1,1,S. P. T. Prideaux,keep,
Samuel Johnson,1,1,Samuel Johnson,keep,
Samuel Johnson*,1,1,Samuel Johnson*,keep,
Sarum Breviary,1,1,Sarum Breviary,keep,
Sarum Missal,1,1,Sarum Missal,keep,
School Prayers*,1,1,School Prayers*,keep,
Service Book for the Young,1,1,Service Book for the Young,keep,
"St. Aldate’s Church, Oxford",1,1,"St. Aldate’s Church, Oxford",keep,
St. Benedict,1,1,St. Benedict,keep,
St. Hilary of Poitiers*,1,1,St. Hilary of Poitiers*,keep,
St. Patrick’s Breastplate,1,1,St. Patrick’s Breastplate,keep,
St. Paul’s Cathedral,1,1,St. Paul’s Cathedral,keep,
St. Richard of Chichester,1,1,St. Richard of Chichester,keep,
St. Thomas Aquinas,1,1,St. Thomas Aquinas,keep,
Student Christian Movement,1,1,Student Christian Movement,keep,
Student Prayer,1,1,Student Prayer,keep,
Suzanne de Dietrich,1,1,Suzanne de Dietrich,keep,
Te Deum,1,1,Te Deum,keep,
The Boys’ Prayer Book,1,1,The Boys’ Prayer Book,keep,
The C.M.S. Prayer adapted,1,1,The C.M.S. Prayer adapted,keep,
The Earl of Meath*,1,1,The Earl of Meath*,keep,
"The Missionary Conference, 1894",1,1,"The Missionary Conference, 1894",keep,
"The Missionary Conference, 1894*",1,1,"The Missionary Conference, 1894*",keep,
The Narrow Way,1,1,The Narrow Way,keep,
The Prayer Manual,1,1,The Prayer Manual,keep,
The Royal Maundy,1,1,The Royal Maundy,keep,
The Splendour of God,1,1,The Splendour of God,keep,
The Splendour of God*,1,1,The Splendour of God*,keep,
The Unfolding Year,1,1,The Unfolding Year,keep,
Thomas Aquinas,1,1,Thomas Aquinas,keep,
Thomas Becon,1,1,Thomas Becon,keep,
Thomas Wilson,1,1,Thomas Wilson,keep,
Toc H Prayers,1,1,Toc H Prayers,keep,
"Trinity College, Dublin",1,1,"Trinity College, Dublin",keep,
"United Lutheran Church, U.S.A.",1,1,"United Lutheran Church, U.S.A.",keep,
United Society for Christian Literature,1,1,United Society for Christian Literature,keep,
Uppingham School Prayers,1,1,Uppingham School Prayers,keep,
W. Bellars*,1,1,W. Bellars*,keep,
W. Boyd Carpenter*,1,1,W. Boyd Carpenter*,keep,
W. Charter Piggott,1,1,W. Charter Piggott,keep,
W. H. Frere*,1,1,W. H. Frere*,keep,
W. Hay Aitken,1,1,W. Hay Aitken,keep,
W. J. Butler*,1,1,W. J. Butler*,keep,
W. K. Hamilton*,1,1,W. K. Hamilton*,keep,
W. L. Anderson,1,1,W. L. Anderson,keep,
W. M. Clow,1,1,W. M. Clow,keep,
W. Rigby Murray,1,1,W. Rigby Murray,keep,
W. Walshanz How*,1,1,W. Walshanz How*,keep,
W. Waltham How*,1,1,W. Waltham How*,keep,
"War Prayers, 1940",1,1,"War Prayers, 1940",keep,
Westminster Prayers*,1,1,Westminster Prayers*,keep,
When Two or Three,1,1,When Two or Three,keep,
Wilfred B. Hornby,1,1,Wilfred B. Hornby,keep,
William Bright *,1,1,William Bright *,keep,
William Martin*,1,1,William Martin*,keep,
Winchester Cathedral,1,1,Winchester Cathedral,keep,
York Diocese,1,1,York Diocese,keep,
"York Minster, 1547",1,1,"York Minster, 1547",keep,
