value,overlap_file_count,tag_assignment_count,attribution_assignment_count,section_count,sections
Frank Colquhoun,109,109,109,6,parish-devotional;parish-intercessory;parish-occasions;parish-sacraments;parish-supplementary;parish-year
Daily Prayer,35,36,35,4,parish-devotional;parish-intercessory;parish-occasions;parish-year
American Prayer Book,33,36,33,5,parish-devotional;parish-intercessory;parish-occasions;parish-sacraments;parish-year
Augustine,29,29,29,1,potec
Church of South India,27,27,27,4,parish-devotional;parish-occasions;parish-sacraments;parish-year
Book of Common Order,23,25,23,6,parish-devotional;parish-intercessory;parish-occasions;parish-sacraments;parish-supplementary;parish-year
Scottish Prayer Book,23,23,23,5,parish-intercessory;parish-occasions;parish-sacraments;parish-supplementary;parish-year
William Temple,22,22,22,5,acna2019;parish-devotional;parish-intercessory;parish-occasions;parish-year
New Every Morning,20,25,20,5,parish-devotional;parish-intercessory;parish-occasions;parish-sacraments;parish-year
Prayers for the Christian Year,19,21,19,2,parish-occasions;parish-year
William Bright,19,20,19,5,parish-devotional;parish-intercessory;parish-occasions;parish-supplementary;parish-year
J. R. W. Stott,17,17,17,6,parish-devotional;parish-intercessory;parish-occasions;parish-sacraments;parish-supplementary;parish-year
Canadian Prayer Book,15,24,15,6,parish-devotional;parish-intercessory;parish-occasions;parish-sacraments;parish-supplementary;parish-year
George Appleton,15,15,15,3,parish-intercessory;parish-occasions;parish-year
Frederick B. Macnutt,14,14,14,3,parish-intercessory;parish-sacraments;parish-year
Gelasian Sacramentary,13,36,13,6,parish-devotional;parish-intercessory;parish-sacraments;parish-supplementary;parish-year;potec
Adapted from Book of Common Prayer,12,12,12,5,parish-devotional;parish-intercessory;parish-occasions;parish-sacraments;parish-year
Henry Alford,12,18,12,2,parish-devotional;parish-year
"The Kingdom, the Power, and the Glory",12,17,12,5,parish-devotional;parish-intercessory;parish-occasions;parish-supplementary;parish-year
B. F. Westcott,11,14,11,5,parish-devotional;parish-intercessory;parish-occasions;parish-sacraments;parish-year
Euchologium Anglicanum,11,11,11,1,parish-year
Irish Prayer Book,11,14,11,5,parish-devotional;parish-intercessory;parish-occasions;parish-sacraments;parish-year
Leonine Sacramentary,10,22,10,4,parish-devotional;parish-sacraments;parish-year;potec
A Diocesan Service Book,8,9,8,4,parish-intercessory;parish-occasions;parish-sacraments;parish-supplementary
A Procession of Passion Prayers,8,8,8,3,parish-occasions;parish-sacraments;parish-year
C. J. Vaughan,8,9,8,3,parish-devotional;parish-intercessory;parish-year
James M. Todd,8,8,8,4,parish-devotional;parish-intercessory;parish-occasions;parish-year
L. E. H. Stephens-Hodge,8,8,8,1,parish-year
Peter Green,8,9,8,2,parish-intercessory;parish-year
St. Augustine,8,8,8,3,parish-devotional;parish-occasions;parish-year
After the Third Collect,7,7,7,4,parish-devotional;parish-intercessory;parish-occasions;parish-year
Basil Naylor,7,7,7,1,parish-year
John Hunter,7,8,7,5,parish-devotional;parish-intercessory;parish-occasions;parish-sacraments;parish-year
Lancelot Andrewes,7,7,7,4,acna2019;parish-devotional;parish-intercessory;parish-year
With all our Strength,7,7,7,4,parish-devotional;parish-intercessory;parish-occasions;parish-year
Ambrose,6,6,6,1,potec
E. B. Pusey,6,7,6,3,parish-devotional;parish-sacraments;parish-year
Guild of Health,6,8,6,2,parish-intercessory;parish-sacraments
W. E. Orchard,6,9,6,3,parish-intercessory;parish-occasions;parish-year
"Canterbury Convocation, 1862",5,7,5,2,parish-occasions;parish-year
Christina Rossetti,5,6,5,2,parish-devotional;parish-year
Harold Anson,5,5,5,3,parish-intercessory;parish-occasions;parish-year
Harold Riley,5,5,5,1,parish-year
James Ferguson,5,6,5,1,parish-year
Jeremy Taylor,5,5,5,3,parish-intercessory;parish-occasions;parish-year
Lutheran Church,5,5,5,3,parish-devotional;parish-intercessory;parish-year
R. M. Benson,5,5,5,4,parish-intercessory;parish-sacraments;parish-supplementary;parish-year
Richard D. Acland,5,5,5,1,parish-year
Ruby E. Cleeve,5,5,5,1,parish-occasions
South African Prayer Book,5,7,5,3,parish-intercessory;parish-sacraments;parish-year
Thomas Ken,5,5,5,3,parish-devotional;parish-occasions;parish-year
W. E. Scudamore,5,7,5,2,parish-intercessory;parish-year
William Knight,5,8,5,4,parish-devotional;parish-intercessory;parish-occasions;parish-year
"A Form of Prayer, May 1940",4,4,4,2,parish-devotional;parish-intercessory
Clement of Rome,4,4,4,1,potec
Gregorian Sacramentary,4,6,4,3,parish-devotional;parish-intercessory;parish-year
Guild of St. Raphael,4,4,4,1,parish-sacraments
John Cosin,4,5,4,3,parish-devotional;parish-occasions;parish-year
John Donne,4,4,4,2,other;parish-occasions
Mothers’ Union,4,4,4,2,parish-intercessory;parish-sacraments
Mozarabic Sacramentary,4,7,4,2,parish-devotional;parish-year
"A Form of Prayer, August 1914",3,3,3,2,parish-intercessory;parish-occasions
After Jeremy Taylor,3,3,3,2,parish-devotional;parish-intercessory
"Anglican Altar Services, 1941",3,3,3,1,parish-year
Arthur W. Robinson,3,3,3,3,parish-devotional;parish-intercessory;parish-year
Basil,3,3,3,1,potec
Country Services,3,4,3,2,parish-intercessory;parish-year
E. M. Goulburn,3,3,3,2,parish-devotional;parish-year
E. Milner-White,3,3,3,1,parish-year
E. W. Benson,3,4,3,3,parish-devotional;parish-intercessory;parish-year
George Timms,3,3,3,1,parish-year
"German Reformed Church, U.S.A.",3,3,3,1,parish-year
J. Armitage Robinson,3,4,3,3,parish-intercessory;parish-supplementary;parish-year
John Chrysostom,3,3,3,1,potec
Liturgy of the Catholic Apostolic Church,3,7,3,3,parish-devotional;parish-sacraments;parish-year
Nerses of Clajes,3,3,3,1,potec
Percy Dearmer,3,4,3,1,parish-intercessory
Prayers of the World-Wide Church,3,5,3,3,parish-intercessory;parish-occasions;parish-year
Ryan Willers,3,3,3,1,other
The Daily Service,3,3,3,3,parish-devotional;parish-occasions;parish-year
A Book of Prayers for Students,2,5,2,3,parish-devotional;parish-intercessory;parish-sacraments
A Book of Public Worship,2,2,2,1,parish-intercessory
A Book of Services and Prayers,2,2,2,1,parish-supplementary
A Devotional Diary,2,2,2,2,parish-devotional;parish-year
"A Form of Prayer, August 1918",2,3,2,1,parish-intercessory
A New Prayer Book,2,2,2,1,parish-year
Adapted from Gelasian Sacramentary,2,2,2,2,parish-intercessory;parish-year
Adapted from Irish Prayer Book,2,2,2,1,parish-intercessory
Adapted from Jeremy Taylor,2,2,2,2,parish-intercessory;parish-year
Adapted from various sources,2,2,2,2,parish-occasions;parish-year
After Gelasian Sacramentary,2,2,2,2,parish-intercessory;parish-year
After J. H. Newman,2,2,2,2,parish-devotional;parish-occasions
After Lancelot Andrewes,2,2,2,1,parish-year
After St. Augustine,2,2,2,2,parish-devotional;parish-year
Alcuin,2,2,2,1,parish-devotional
Barnabas,2,2,2,1,potec
Based on Book of Common Prayer,2,2,2,2,parish-sacraments;parish-year
Charles H. Brent,2,3,2,3,parish-intercessory;parish-occasions;parish-sacraments
Charles Kingsley,2,2,2,2,parish-devotional;parish-year
Convocation of York,2,2,2,1,parish-sacraments
F. T. Woods,2,2,2,2,parish-devotional;parish-intercessory
Frank Houghton,2,2,2,2,parish-sacraments;parish-supplementary
Frederick Temple,2,2,2,2,parish-occasions;parish-year
From a prayer of the Eastern Church,2,2,2,2,parish-devotional;parish-intercessory
From the Accession Service,2,2,2,1,parish-intercessory
Gallican Sacramentary,2,3,2,3,parish-devotional;parish-year;potec
Gavin Hamilton,2,3,2,2,parish-devotional;parish-intercessory
Gordon Hewitt,2,2,2,1,parish-year
H. F. Leatherland,2,2,2,1,parish-intercessory
Henry P. Liddon,2,2,2,1,parish-year
James Martineau,2,3,2,1,parish-year
John Dowden,2,2,2,2,parish-occasions;parish-sacraments
John Wesley’s Prayers,2,4,2,3,parish-devotional;parish-intercessory;parish-year
John Wordsworth,2,2,2,1,parish-year
"King’s College, Cambridge",2,2,2,2,parish-occasions;parish-year
Leslie D. Weatherhead,2,2,2,1,parish-occasions
Leslie S. Hunter,2,2,2,2,parish-devotional;parish-intercessory
Let Us Pray,2,2,2,2,parish-sacraments;parish-year
Liturgy of St. James,2,6,2,3,parish-sacraments;parish-year;potec
Margaret Cropper,2,2,2,1,parish-occasions
"National Mission, 1916",2,2,2,1,parish-intercessory
Office of None,2,2,2,1,parish-year
Office of Sext,2,2,2,2,parish-intercessory;parish-year
Polycarp,2,2,2,1,potec
"Prayers for Education Sunday, 1956",2,2,2,1,parish-occasions
Religious Drama Society,2,2,2,1,parish-supplementary
Salisbury Book of Occasional Offices,2,6,2,4,parish-intercessory;parish-occasions;parish-sacraments;parish-year
Salisbury Cathedral,2,2,2,2,parish-occasions;parish-supplementary
Southwark Diocese,2,2,2,2,parish-devotional;parish-intercessory
St. Anselm,2,2,2,1,parish-devotional
St. Francis of Assisi,2,2,2,1,parish-devotional
St. Ignatius Loyola,2,2,2,2,parish-occasions;parish-sacraments
Sursum Corda,2,2,2,1,parish-intercessory
Thomas à Kempis,2,2,2,2,acna2019;parish-intercessory
W. H. Frere,2,3,2,1,parish-year
W. Walsham How,2,5,2,3,parish-devotional;parish-sacraments;parish-year
William Bellars,2,2,2,2,parish-intercessory;parish-occasions
William Laud,2,4,2,3,acna2019;parish-devotional;parish-intercessory
1 Peter 5:10–11,1,1,1,1,parish-devotional
"A Form of Prayer, March 1941",1,1,1,1,parish-intercessory
"A Form of Prayer, October 1939",1,1,1,1,parish-intercessory
A Harvest of Myrrh and Spices (trs. W. H. Draper),1,1,1,1,parish-year
A Prayer of the Eastern Church,1,1,1,1,parish-intercessory
A. S. T. Fisher,1,1,1,1,parish-intercessory
A.C.C.M.,1,1,1,1,parish-year
Acts of Devotion,1,1,1,1,parish-intercessory
Adapted from a 16th c. German prayer,1,1,1,1,parish-year
Adapted from A Book of Guide Prayers,1,1,1,1,parish-intercessory
Adapted from A Diocesan Service Book,1,1,1,1,parish-occasions
Adapted from a prayer at the London Hospital,1,1,1,1,parish-intercessory
Adapted from a prayer for the General Synod in the Irish Prayer Book,1,1,1,1,parish-supplementary
Adapted from a prayer of A. E. Daldy,1,1,1,1,parish-intercessory
Adapted from a prayer of S.P.C.K.,1,1,1,1,parish-intercessory
Adapted from a prayer of St. Thomas Aquinas,1,1,1,1,parish-sacraments
Adapted from an ancient collect,1,1,1,1,parish-devotional
Adapted from Book of Common Order,1,1,1,1,parish-occasions
Adapted from Didache,1,1,1,1,parish-intercessory
Adapted from George Appleton,1,1,1,1,parish-intercessory
Adapted from John Donne,1,1,1,1,parish-occasions
Adapted from Lancelot Andrewes (Daily Prayer),1,1,1,1,parish-year
Adapted from Liturgy of St. James,1,1,1,1,parish-year
Adapted from Micah 6:8,1,1,1,1,parish-devotional
Adapted from Mozarabic Sacramentary,1,1,1,1,parish-sacraments
Adapted from Prayers for the Christian Year,1,1,1,1,parish-year
Adapted from Roman Breviary,1,1,1,1,parish-year
Adapted from Sarum Missal,1,1,1,1,parish-year
Adapted from Sarum Primer,1,1,1,1,parish-intercessory
Adapted from Scottish Prayer Book,1,1,1,1,parish-supplementary
Adapted from St. Nerses of Clajes,1,1,1,1,parish-year
Adapted from Student Prayer,1,1,1,1,parish-supplementary
Adapted from Thomas Arnold,1,1,1,1,parish-intercessory
After A. J. Mason,1,1,1,1,parish-intercessory
After Christina Rossetti,1,1,1,1,parish-year
After George Wither (Daily Prayer),1,1,1,1,parish-year
After Mozarabic Sacramentary,1,1,1,1,parish-year
After Prayers of 1585,1,1,1,1,parish-intercessory
After Sir Francis Drake,1,1,1,1,parish-devotional
After St. Anselm,1,1,1,1,parish-intercessory
After St. Francis of Assisi,1,1,1,1,parish-occasions
After St. Fulgentius,1,1,1,1,parish-devotional
After St. Jerome,1,1,1,1,parish-supplementary
After St. Thomas Aquinas,1,1,1,1,parish-devotional
After the 55th Canon of 1603,1,1,1,1,parish-intercessory
After William Laud,1,1,1,1,parish-intercessory
An adaptation of the Gelasian prayer,1,1,1,1,parish-intercessory
An adaptation of the House of Commons Prayer,1,1,1,1,parish-intercessory
Anselm of Canterbury,1,1,1,1,acna2019
"Austrian Church Order, 1571",1,1,1,1,parish-year
Based on 1 Peter 1:3–5,1,1,1,1,parish-year
Based on 1 Peter 4:10–11,1,1,1,1,parish-year
Based on 2 Corinthians 4:6,1,1,1,1,parish-supplementary
"Based on 2 John 3:23, 24",1,1,1,1,parish-year
Based on 2 Timothy 3:5–17,1,1,1,1,parish-supplementary
Based on a 16th century prayer,1,1,1,1,parish-occasions
"Based on a prayer of the Pan-Anglican Congress, 1908",1,1,1,1,parish-intercessory
Based on a sixteenth century prayer,1,1,1,1,parish-devotional
Based on Colossians 1:10–12,1,1,1,1,parish-year
Based on Colossians 3:1–4,1,1,1,1,parish-year
Based on Confirmation Service,1,1,1,1,parish-sacraments
Based on Ephesians 1:17–21,1,1,1,1,parish-devotional
Based on Ephesians 4:11–13,1,1,1,1,parish-intercessory
Based on Ephesians 4:30–32,1,1,1,1,parish-year
Based on Ephesians 4:4–6,1,1,1,1,parish-year
Based on Ephesians 6:11–17,1,1,1,1,parish-year
"Based on Galatians 5:22, 23",1,1,1,1,parish-year
Based on Hebrews 10:19–24,1,1,1,1,parish-year
"Based on Hebrews 13:20, 21",1,1,1,1,parish-year
Based on John 4:23; Isaiah 29:13; Psalm 103.,1,1,1,1,parish-devotional
Based on Luke 8:15,1,1,1,1,parish-year
Based on Numbers 6:24–26,1,1,1,1,parish-devotional
Based on Philippians 1:9–11,1,1,1,1,parish-year
Based on Philippians 2:8–11,1,1,1,1,parish-year
Based on Philippians 2:9–11,1,1,1,1,parish-devotional
Based on Philippians 4:4–7,1,1,1,1,parish-year
"Based on Psalm 119. 105, 18, 162",1,1,1,1,parish-supplementary
Based on Psalm 23:1–3,1,1,1,1,parish-year
Based on Romans 12:19–21,1,1,1,1,parish-year
Based on Romans 15:13,1,1,1,1,parish-year
Based on Thomas Ken,1,1,1,1,parish-year
Benedict of Nursia,1,1,1,1,acna2019
Bible Reading Fellowship,1,1,1,1,parish-supplementary
"Book of Hours, 1864",1,1,1,1,parish-devotional
"Book of Offices, Methodist Church",1,1,1,1,parish-year
Book of Prayers for Students,1,2,1,1,parish-intercessory
Book of Public Worship,1,1,1,1,parish-occasions
British Hospital for Mothers and Babies,1,1,1,1,parish-sacraments
Brompton Parish Church,1,1,1,1,parish-sacraments
C. M. Blagden,1,1,1,1,parish-intercessory
C. S. Woodward,1,1,1,1,parish-occasions
C.I.P.B.C. Prayer Book,1,1,1,1,parish-year
Central Board of Finance,1,1,1,1,parish-occasions
Charles F. d’Arcy,1,1,1,1,parish-intercessory
Charles Gore,1,1,1,1,parish-intercessory
Christian von Bunsen,1,2,1,2,parish-devotional;parish-year
Church Army,1,1,1,1,parish-intercessory
Church’s Ministry among the Jews,1,1,1,1,parish-intercessory
Clement of Alexandria,1,1,1,1,potec
Collect of Easter Even,1,1,1,1,parish-sacraments
Community of the Resurrection,1,1,1,1,parish-intercessory
Coptic Liturgy of St. Cyril,1,2,1,2,parish-devotional;potec
Daybreak Office of the Eastern Church,1,1,1,1,parish-devotional
Diocese of Rochester,1,1,1,1,parish-intercessory
Diocese of Southwark,1,2,1,2,parish-sacraments;parish-year
Diocese of Uganda,1,1,1,1,parish-intercessory
Douglas Crick,1,1,1,1,parish-intercessory
Edward Hawkins,1,1,1,1,parish-year
Emil E. Fischer,1,1,1,1,parish-year
Ephesians 3:14–19,1,1,1,1,parish-year
"Ephesians 3:20, 21",1,1,1,1,parish-devotional
Erasmus,1,3,1,3,parish-devotional;parish-sacraments;parish-year
Eric Fenn,1,1,1,1,parish-devotional
Eugene Bersier,1,2,1,2,parish-devotional;parish-intercessory
F. D. Maurice,1,1,1,1,parish-intercessory
Fellowship Litanies,1,1,1,1,parish-year
Fielding Ould,1,1,1,1,parish-occasions
Fifth century,1,1,1,1,parish-occasions
"Form of National Prayer, 1942",1,1,1,1,parish-intercessory
"Form of National Prayer, May 1940",1,1,1,1,parish-intercessory
Francis Xavier,1,1,1,1,acna2019
Franciscan Breviary,1,1,1,1,parish-intercessory
Frank Edward Brightman,1,1,1,1,parish-occasions
From an ancient prayer,1,1,1,1,parish-intercessory
From Book of Common Prayer,1,1,1,1,parish-year
From Primer of 1555,1,1,1,1,parish-devotional
From the Gothic,1,1,1,1,parish-devotional
From the Litany,1,1,1,1,parish-year
From the Liturgy of Malabar,1,1,1,1,parish-sacraments
From the Order of Compline,1,1,1,1,parish-occasions
G. C. Binyon,1,2,1,1,parish-intercessory
G. E. L. Cotton,1,1,1,1,parish-year
Geneva Bible,1,1,1,1,parish-year
Geoffrey F. Fisher,1,1,1,1,parish-intercessory
George Adam Smith,1,1,1,1,parish-year
George H. Russell,1,3,1,1,parish-intercessory
George Hickes,1,1,1,1,parish-devotional
George Timms (after C. J. Vaughan),1,1,1,1,parish-year
Gladys E. Bretherton,1,1,1,1,parish-intercessory
Gothic Missal,1,2,1,1,parish-year
Gregory Nazianzen,1,1,1,1,parish-year
Guildford Diocese,1,1,1,1,parish-occasions
H. Bisseker,1,1,1,1,parish-year
H. C. Cooksey,1,1,1,1,parish-year
H. J. Wotherspoon,1,1,1,1,parish-year
H. Stobat,1,1,1,1,parish-year
Handley C. G. Moule,1,3,1,2,parish-intercessory;parish-year
"Hebrews 13:20, 21",1,1,1,1,parish-devotional
Henry Hayman,1,1,1,1,parish-intercessory
Henry Scott Holland,1,1,1,1,parish-intercessory
Hugh Martin,1,1,1,1,parish-year
Ignatius,1,1,1,1,potec
In the Tradition of Francis of Assisi,1,1,1,1,acna2019
In Watchings Often,1,1,1,1,parish-intercessory
Irenaeus,1,1,1,1,potec
J. H. Oldham,1,1,1,1,parish-occasions
J. W. Suter,1,1,1,1,parish-year
James Mountain,1,2,1,1,parish-year
James Wareham,1,1,1,1,parish-supplementary
John Calvin,1,1,1,1,parish-supplementary
John Henry Newman,1,1,1,1,acna2019
John Wesley,1,1,1,1,acna2019
Joost de Blank,1,1,1,1,parish-intercessory
Joseph Hall,1,1,1,1,parish-year
Joseph Mercier,1,1,1,1,acna2019
"Jude 24, 25",1,1,1,1,parish-devotional
Julian of Norwich,1,1,1,1,acna2019
King Alfred,1,1,1,1,parish-devotional
"King’s College Chapel, Cambridge",1,1,1,1,parish-supplementary
"Knox’s Book of Common Order, 1564",1,1,1,1,parish-devotional
L. Tuttiet,1,1,1,1,parish-year
"Lambeth Conference, 1930",1,1,1,1,parish-intercessory
"Lambeth Conference, 1958",1,1,1,1,parish-intercessory
Laurence Binyon,1,1,1,1,parish-occasions
"Leaflet of the Collegium, 1914",1,1,1,1,parish-intercessory
Lionel James,1,1,1,1,parish-sacraments
Liturgy of St. Basil,1,1,1,1,acna2019
Liturgy of St. Dionysius,1,1,1,1,parish-intercessory
Liturgy of St. Mark,1,9,1,2,parish-intercessory;potec
Liturgy of the Reformed Church of France,1,1,1,1,parish-occasions
Luke 2:15; Isaiah 9:6,1,1,1,1,parish-year
M. A. P. Wood (after St. Augustine),1,1,1,1,parish-devotional
Macrina the Younger,1,1,1,1,other
Mandell Creighton,1,1,1,1,parish-year
Miles Coverdale,1,1,1,1,acna2019
Mozarabic Liturgy,1,1,1,1,parish-devotional
Nicholas Ridley,1,1,1,1,parish-devotional
Non-Jurors’ Prayer Book,1,1,1,1,parish-year
Nonjurors’ Prayer Book,1,1,1,1,parish-devotional
Office of Compline,1,1,1,1,parish-year
Olive Warner,1,1,1,1,parish-intercessory
Order of Compline,1,1,1,1,parish-devotional
Oxford Diocesan Service Book,1,1,1,1,parish-year
Pakenham Walsh,1,1,1,1,parish-occasions
"Peace Prayers, 1946",1,1,1,1,parish-intercessory
Prayer of the Order,1,1,1,1,parish-year
Prayer of the Order of the Garter,1,1,1,1,parish-intercessory
"Prayers for Education Sunday, 1957",1,1,1,1,parish-occasions
Praying for the Church Overseas,1,1,1,1,parish-intercessory
Praying for Unity,1,1,1,1,parish-occasions
Priest’s Book of Private Devotion,1,1,1,1,parish-sacraments
Priest’s Prayer Book,1,1,1,1,parish-intercessory
"Psalms 104:24; 145:15, 16, 21",1,1,1,1,parish-occasions
R. Ambrose Reeves,1,1,1,1,parish-intercessory
R. W. Stewart,1,1,1,1,parish-occasions
Randall T. Davidson,1,1,1,1,parish-intercessory
"Revelation 1:5, 6",1,1,1,1,parish-devotional
Revelation 4:11; 5:13,1,1,1,1,parish-year
Richard of Chichester,1,1,1,1,acna2019
Robert N. Rodenmeyer,1,1,1,1,parish-intercessory
Robert Nelson,1,1,1,1,parish-year
Roman Breviary,1,1,1,1,parish-devotional
Roman Missal,1,1,1,1,parish-supplementary
Russian Contakion of the Departed,1,1,1,1,parish-occasions
Rydal School Hymnal,1,1,1,1,parish-year
S. P. T. Prideaux,1,1,1,1,parish-intercessory
Samuel Johnson,1,2,1,2,parish-devotional;parish-sacraments
Sarum Breviary,1,1,1,1,parish-year
Sarum Missal,1,1,1,1,parish-year
Service Book for the Young,1,1,1,1,parish-occasions
"St. Aldate’s Church, Oxford",1,1,1,1,parish-occasions
St. Benedict,1,1,1,1,parish-devotional
St. Patrick’s Breastplate,1,1,1,1,parish-devotional
St. Paul’s Cathedral,1,1,1,1,parish-intercessory
St. Richard of Chichester,1,1,1,1,parish-year
St. Thomas Aquinas,1,1,1,1,parish-devotional
Student Christian Movement,1,1,1,1,parish-intercessory
Student Prayer,1,3,1,2,parish-intercessory;parish-year
Suzanne de Dietrich,1,1,1,1,parish-occasions
Te Deum,1,1,1,1,parish-year
The Boys’ Prayer Book,1,1,1,1,parish-intercessory
The C.M.S. Prayer adapted,1,1,1,1,parish-occasions
"The Missionary Conference, 1894",1,2,1,1,parish-year
The Narrow Way,1,1,1,1,parish-year
The Prayer Manual,1,1,1,1,parish-year
The Royal Maundy,1,1,1,1,parish-year
The Splendour of God,1,2,1,1,parish-devotional
The Unfolding Year,1,1,1,1,parish-occasions
Thomas Aquinas,1,1,1,1,acna2019
Thomas Becon,1,1,1,1,parish-year
Thomas Wilson,1,3,1,2,parish-devotional;parish-year
Toc H Prayers,1,1,1,1,parish-intercessory
"Trinity College, Dublin",1,1,1,1,parish-devotional
"United Lutheran Church, U.S.A.",1,1,1,1,parish-year
United Society for Christian Literature,1,1,1,1,parish-intercessory
Uppingham School Prayers,1,1,1,1,parish-devotional
W. Charter Piggott,1,1,1,1,parish-intercessory
W. Hay Aitken,1,1,1,1,parish-occasions
W. L. Anderson,1,1,1,1,parish-supplementary
W. M. Clow,1,1,1,1,parish-year
W. Rigby Murray,1,1,1,1,parish-year
"War Prayers, 1940",1,1,1,1,parish-intercessory
When Two or Three,1,1,1,1,parish-intercessory
Wilfred B. Hornby,1,1,1,1,parish-year
Winchester Cathedral,1,1,1,1,parish-occasions
York Diocese,1,1,1,1,parish-devotional
"York Minster, 1547",1,1,1,1,parish-year
