tag,assignment_count,file_count,section_count,sections,classification,citation_like
The Church’s Year,650,650,2,parish-occasions;parish-year,topic_or_source,no
Intercessory Prayers,423,423,1,parish-intercessory,topic_or_source,no
Various Occasions,265,265,1,parish-occasions,topic_or_source,no
Devotional Prayers,248,248,1,parish-devotional,topic_or_source,no
The Trinity Season,135,135,1,parish-year,topic_or_source,no
Sacraments and Ordinances,123,123,2,other;parish-sacraments,topic_or_source,no
Frank Colquhoun,109,109,6,parish-devotional;parish-intercessory;parish-occasions;parish-sacraments;parish-supplementary;parish-year,topic_or_source,no
Holy Week,99,99,2,acna2019collects;parish-year,topic_or_source,no
Supplementary Prayers,99,99,1,parish-supplementary,topic_or_source,no
Family and Personal Life,94,94,4,acna2019;potec;tec1928;tec1979,topic_or_source,no
Various,65,65,3,parish-devotional;parish-intercessory;parish-supplementary,topic_or_source,no
The Church,63,63,6,acna2019;coi2004;other;potec;tec1928;tec1979,topic_or_source,no
Fourth Century Prayers,62,62,2,other;potec,topic_or_source,no
Epiphany,61,61,2,acna2019collects;parish-year,topic_or_source,no
Christmas,56,56,2,acna2019collects;parish-year,topic_or_source,no
Saints’ Days and Holy Days,55,55,1,parish-year,topic_or_source,no
Our Nation and Government,51,51,1,parish-intercessory,topic_or_source,no
Eastertide,50,50,1,parish-year,topic_or_source,no
Thanksgivings,48,48,6,acna2019;coe1662;coi2004;potec;tec1928;tec1979,topic_or_source,no
Lent,45,45,2,acna2019collects;parish-year,topic_or_source,no
Advent,44,44,2,acna2019collects;parish-year,topic_or_source,no
The Suffering,44,44,1,parish-intercessory,topic_or_source,no
Fifth Century Prayers,40,40,1,potec,topic_or_source,no
Personal Devotion,40,40,2,acna2019;potec,topic_or_source,no
The Church Overseas,39,39,1,parish-intercessory,topic_or_source,no
The Church of God,38,38,1,parish-intercessory,source_like,no
American Prayer Book,36,36,5,parish-devotional;parish-intercessory;parish-occasions;parish-sacraments;parish-year,source_like,no
Daily Prayer,36,36,4,parish-devotional;parish-intercessory;parish-occasions;parish-year,topic_or_source,no
Gelasian Sacramentary,36,36,6,parish-devotional;parish-intercessory;parish-sacraments;parish-supplementary;parish-year;potec,source_like,no
The Seven Words From the Cross,34,34,1,parish-year,topic_or_source,no
General Prayers,32,32,2,parish-devotional;parish-year,topic_or_source,no
Social Order,32,32,5,acna2019;coe1662;potec;tec1928;tec1979,source_like,no
In the Ember Weeks,31,31,1,parish-year,topic_or_source,no
The Season After Pentecost,31,31,1,acna2019collects,topic_or_source,no
Holy Days,30,30,1,acna2019collects,topic_or_source,no
The Nation,30,30,6,acna2019;coe1662;coi2004;potec;tec1928;tec1979,topic_or_source,no
Augustine,29,29,1,potec,topic_or_source,no
Church of South India,27,27,4,parish-devotional;parish-occasions;parish-sacraments;parish-year,source_like,no
Those in Need,27,27,4,acna2019;davidtaylor;other;potec,topic_or_source,no
Holy Communion,26,26,2,other;parish-sacraments,topic_or_source,no
Book of Common Order,25,25,6,parish-devotional;parish-intercessory;parish-occasions;parish-sacraments;parish-supplementary;parish-year,source_like,no
General and Concluding Prayers,25,25,7,acna2019;coe1662;coi2004;other;potec;tec1928;tec1979,topic_or_source,no
New Every Morning,25,25,5,parish-devotional;parish-intercessory;parish-occasions;parish-sacraments;parish-year,topic_or_source,no
Society and Industry,25,25,1,parish-intercessory,source_like,no
At Times of Prayer and Worship,24,24,3,acna2019;potec;tec1979,topic_or_source,no
Canadian Prayer Book,24,24,6,parish-devotional;parish-intercessory;parish-occasions;parish-sacraments;parish-supplementary;parish-year,source_like,no
Church Meetings,24,24,1,parish-supplementary,topic_or_source,no
Home and Friends,24,24,1,parish-intercessory,topic_or_source,no
Concluding Prayers,23,23,2,parish-devotional;parish-occasions,topic_or_source,no
Fifth Sunday After Easter: Rogation Sunday,23,23,1,parish-year,topic_or_source,no
Scottish Prayer Book,23,23,5,parish-intercessory;parish-occasions;parish-sacraments;parish-supplementary;parish-year,source_like,no
The Nations of the World,23,23,1,parish-intercessory,topic_or_source,no
Whitsunday,23,23,1,parish-year,topic_or_source,no
Whitsuntide,23,23,1,parish-year,topic_or_source,no
Ascensiontide,22,22,1,parish-year,topic_or_source,no
Education and Youth,22,22,1,parish-intercessory,topic_or_source,no
Family and Personal Life (Throughout the Day),22,22,3,acna2019;potec;tec1979,topic_or_source,no
Gift Day or Stewardship Sunday,22,22,1,parish-occasions,topic_or_source,no
Leonine Sacramentary,22,22,4,parish-devotional;parish-sacraments;parish-year;potec,source_like,no
The Church at Home,22,22,1,parish-intercessory,topic_or_source,no
The Sick,22,22,1,parish-sacraments,topic_or_source,no
William Temple,22,22,5,acna2019;parish-devotional;parish-intercessory;parish-occasions;parish-year,topic_or_source,no
First Century Prayers,21,21,1,potec,topic_or_source,no
Prayers for the Christian Year,21,21,2,parish-occasions;parish-year,topic_or_source,no
Septuagesima to Quinquagesima,21,21,1,parish-year,topic_or_source,no
The Departed,21,21,1,parish-sacraments,topic_or_source,no
Vestry Prayers,21,21,1,parish-supplementary,topic_or_source,no
A Memorial Service,20,20,1,parish-occasions,topic_or_source,no
Children’s Church,20,20,1,parish-occasions,topic_or_source,no
Harvest Thanksgiving,20,20,1,parish-occasions,topic_or_source,no
William Bright,20,20,5,parish-devotional;parish-intercessory;parish-occasions;parish-supplementary;parish-year,topic_or_source,no
Education Sunday,19,19,1,parish-occasions,topic_or_source,no
Evangelism,19,19,1,parish-intercessory,topic_or_source,no
Creation,18,18,4,acna2019;coe1662;tec1928;tec1979,topic_or_source,no
Easter,18,18,1,acna2019collects,topic_or_source,no
Henry Alford,18,18,2,parish-devotional;parish-year,topic_or_source,no
In Time of War,18,18,1,parish-intercessory,topic_or_source,no
Lesser Feasts,18,18,1,parish-year,topic_or_source,no
Remembrance Sunday,18,18,1,parish-occasions,topic_or_source,no
The Parish,18,18,1,parish-intercessory,topic_or_source,no
Benedictions and Doxologies,17,17,1,parish-devotional,topic_or_source,no
J. R. W. Stott,17,17,6,parish-devotional;parish-intercessory;parish-occasions;parish-sacraments;parish-supplementary;parish-year,topic_or_source,no
Opening Prayers,17,17,1,parish-devotional,topic_or_source,no
"The Kingdom, the Power, and the Glory",17,17,5,parish-devotional;parish-intercessory;parish-occasions;parish-supplementary;parish-year,topic_or_source,no
Easter Day,16,16,1,parish-year,topic_or_source,no
Good Friday,16,16,1,parish-year,topic_or_source,no
Praise and Thanksgiving,16,16,1,parish-devotional,topic_or_source,no
Rogationtide,16,16,1,parish-year,topic_or_source,no
Sunday School Festival,16,16,1,parish-occasions,topic_or_source,no
George Appleton,15,15,3,parish-intercessory;parish-occasions;parish-year,topic_or_source,no
Palm Sunday,15,15,1,parish-year,topic_or_source,no
Pastoral,15,15,3,coe1662;coi2004;tec1928,topic_or_source,no
The Ascension Day,15,15,1,parish-year,topic_or_source,no
The World,15,15,5,coe1662;coi2004;davidtaylor;tec1928;tec1979,topic_or_source,no
Third Century Prayers,15,15,1,potec,topic_or_source,no
Apostolic Constitutions,14,14,1,potec,topic_or_source,no
At Evening,14,14,1,parish-devotional,topic_or_source,no
B. F. Westcott,14,14,5,parish-devotional;parish-intercessory;parish-occasions;parish-sacraments;parish-year,topic_or_source,no
Dedication Festival,14,14,1,parish-occasions,topic_or_source,no
Frederick B. Macnutt,14,14,3,parish-intercessory;parish-sacraments;parish-year,topic_or_source,no
Irish Prayer Book,14,14,5,parish-devotional;parish-intercessory;parish-occasions;parish-sacraments;parish-year,source_like,no
Mothering Sunday Service,14,14,1,parish-occasions,topic_or_source,no
Watch-Night Service,14,14,1,parish-occasions,topic_or_source,no
Dedication,13,13,1,parish-devotional,topic_or_source,no
Health Services and Hospitals,13,13,1,parish-intercessory,topic_or_source,no
In the Morning,13,13,1,parish-devotional,topic_or_source,no
Missionary Festival,13,13,1,parish-occasions,topic_or_source,no
New Testament Prayers,13,13,1,potec,topic_or_source,no
Our Daily Work,13,13,1,parish-devotional,topic_or_source,no
The Coming of God’s Kingdom,13,13,1,parish-intercessory,topic_or_source,no
The Epiphany,13,13,1,parish-year,topic_or_source,no
A Civic Service,12,12,1,parish-occasions,topic_or_source,no
Adapted from Book of Common Prayer,12,12,5,parish-devotional;parish-intercessory;parish-occasions;parish-sacraments;parish-year,provenance_non_scriptural_source,no
Choir Festival,12,12,1,parish-occasions,topic_or_source,no
Travel,12,12,1,parish-intercessory,topic_or_source,no
Week of Prayer for Christian Unity,12,12,1,parish-occasions,topic_or_source,no
Confirmation,11,11,1,parish-sacraments,topic_or_source,no
Euchologium Anglicanum,11,11,1,parish-year,source_like,no
Marriage,11,11,1,parish-sacraments,topic_or_source,no
Rites of Healing,11,11,1,acna2019,topic_or_source,no
Second Century Prayers,11,11,1,potec,topic_or_source,no
Those in Spiritual Need,11,11,1,parish-intercessory,topic_or_source,no
Trinity Sunday,11,11,1,parish-year,topic_or_source,no
Youth Festival,11,11,1,parish-occasions,topic_or_source,no
Commons of Commemoration,10,10,1,acna2019collects,topic_or_source,no
Courage and Perseverance,10,10,1,parish-devotional,topic_or_source,no
Family Prayer,10,10,1,acna2019,topic_or_source,no
Maundy Thursday,10,10,1,parish-year,topic_or_source,no
Old People’s Service,10,10,1,parish-occasions,topic_or_source,no
Penitence and Pardon,10,10,1,parish-devotional,topic_or_source,no
Second Sunday in Advent (Bible Sunday),10,10,1,parish-year,topic_or_source,no
The Circumcision,10,10,1,parish-year,topic_or_source,no
W. David O. Taylor,10,10,1,davidtaylor,topic_or_source,no
A Diocesan Service Book,9,9,4,parish-intercessory;parish-occasions;parish-sacraments;parish-supplementary,source_like,no
Ash Wednesday,9,9,1,parish-year,topic_or_source,no
C. J. Vaughan,9,9,3,parish-devotional;parish-intercessory;parish-year,topic_or_source,no
Christmas Day,9,9,1,parish-year,topic_or_source,no
Confessions,9,9,4,acna2019collects;coi2004;other;potec,topic_or_source,no
Faith,9,9,1,parish-devotional,topic_or_source,no
Holy Baptism,9,9,1,parish-sacraments,topic_or_source,no
Knowledge and Truth,9,9,1,parish-devotional,topic_or_source,no
Liturgy of St. Mark,9,9,2,parish-intercessory;potec,source_like,no
Love,9,9,1,parish-devotional,topic_or_source,no
Peter Green,9,9,2,parish-intercessory;parish-year,topic_or_source,no
Pulpit Prayers,9,9,1,parish-supplementary,topic_or_source,no
The Christian Warfare,9,9,1,parish-devotional,topic_or_source,no
W. E. Orchard,9,9,3,parish-intercessory;parish-occasions;parish-year,topic_or_source,no
A Procession of Passion Prayers,8,8,3,parish-occasions;parish-sacraments;parish-year,topic_or_source,no
Before Bible Study,8,8,1,parish-supplementary,topic_or_source,no
Burial of the Dead,8,8,1,acna2019,topic_or_source,no
Childbirth,8,8,1,parish-sacraments,topic_or_source,no
Fifth Sunday in Lent: Passion Sunday,8,8,1,parish-year,topic_or_source,no
Guild of Health,8,8,2,parish-intercessory;parish-sacraments,source_like,no
Inward Peace,8,8,1,parish-devotional,topic_or_source,no
James M. Todd,8,8,4,parish-devotional;parish-intercessory;parish-occasions;parish-year,topic_or_source,no
John Hunter,8,8,5,parish-devotional;parish-intercessory;parish-occasions;parish-sacraments;parish-year,topic_or_source,no
L. E. H. Stephens-Hodge,8,8,1,parish-year,topic_or_source,no
Offertory Prayers,8,8,1,parish-supplementary,topic_or_source,no
Rulers and Statesmen,8,8,1,parish-intercessory,topic_or_source,no
St. Augustine,8,8,3,parish-devotional;parish-occasions;parish-year,topic_or_source,no
Sunday Called Septuagesima,8,8,1,parish-year,topic_or_source,no
William Knight,8,8,4,parish-devotional;parish-intercessory;parish-occasions;parish-year,topic_or_source,no
A Prayer Meeting,7,7,1,parish-supplementary,topic_or_source,no
After the Third Collect,7,7,4,parish-devotional;parish-intercessory;parish-occasions;parish-year,provenance_non_scriptural_source,no
Basil Naylor,7,7,1,parish-year,topic_or_source,no
"Canterbury Convocation, 1862",7,7,2,parish-occasions;parish-year,source_like,no
Christmas Eve,7,7,1,parish-year,topic_or_source,no
"Death, the Departed, and the Communion of Saints",7,7,1,acna2019,topic_or_source,no
Dedication of Memorial Gifts,7,7,1,parish-occasions,topic_or_source,no
E. B. Pusey,7,7,3,parish-devotional;parish-sacraments;parish-year,topic_or_source,no
First Sunday After Easter,7,7,1,parish-year,topic_or_source,no
First Sunday After Trinity,7,7,1,parish-year,topic_or_source,no
First Sunday in Advent,7,7,1,parish-year,topic_or_source,no
First Sunday in Lent,7,7,1,parish-year,topic_or_source,no
Guidance,7,7,1,parish-devotional,topic_or_source,no
Lancelot Andrewes,7,7,4,acna2019;parish-devotional;parish-intercessory;parish-year,topic_or_source,no
Liturgy of the Catholic Apostolic Church,7,7,3,parish-devotional;parish-sacraments;parish-year,source_like,no
Mozarabic Sacramentary,7,7,2,parish-devotional;parish-year,source_like,no
Prayers Suitable for Use at a Marriage Reunion Service,7,7,1,parish-sacraments,topic_or_source,no
Second Sunday After Epiphany,7,7,1,parish-year,topic_or_source,no
South African Prayer Book,7,7,3,parish-intercessory;parish-sacraments;parish-year,source_like,no
Sunday After Ascension Day,7,7,1,parish-year,topic_or_source,no
Sunday Called Quinquagesima,7,7,1,parish-year,topic_or_source,no
The Commonwealth,7,7,1,parish-intercessory,topic_or_source,no
W. E. Scudamore,7,7,2,parish-intercessory;parish-year,topic_or_source,no
With all our Strength,7,7,4,parish-devotional;parish-intercessory;parish-occasions;parish-year,topic_or_source,no
A Christmas Carol Service,6,6,1,parish-year,topic_or_source,no
Ambrose,6,6,1,potec,topic_or_source,no
Christina Rossetti,6,6,2,parish-devotional;parish-year,topic_or_source,no
Collects,6,6,1,tec1928,topic_or_source,no
Eleventh Sunday After Trinity,6,6,1,parish-year,topic_or_source,no
Fifteenth Sunday After Trinity,6,6,1,parish-year,topic_or_source,no
First Sunday After Epiphany,6,6,1,parish-year,topic_or_source,no
Fourteenth Sunday After Trinity,6,6,1,parish-year,topic_or_source,no
Fourth Sunday After Epiphany,6,6,1,parish-year,topic_or_source,no
Fourth Sunday in Advent,6,6,1,parish-year,topic_or_source,no
Gregorian Sacramentary,6,6,3,parish-devotional;parish-intercessory;parish-year,source_like,no
Growth in Grace,6,6,1,parish-devotional,topic_or_source,no
James Ferguson,6,6,1,parish-year,topic_or_source,no
Liturgy of St. James,6,6,3,parish-sacraments;parish-year;potec,source_like,no
Nineteenth Sunday After Trinity,6,6,1,parish-year,topic_or_source,no
Prayer for Mission,6,6,1,acna2019,topic_or_source,no
Salisbury Book of Occasional Offices,6,6,4,parish-intercessory;parish-occasions;parish-sacraments;parish-year,source_like,no
Second Sunday After Easter,6,6,1,parish-year,topic_or_source,no
Sunday Called Sexagesima,6,6,1,parish-year,topic_or_source,no
Sunday Next Before Advent (Trinity Xxv),6,6,1,parish-year,topic_or_source,no
Tenth Sunday After Trinity,6,6,1,parish-year,topic_or_source,no
Third Sunday After Trinity,6,6,1,parish-year,topic_or_source,no
A Book of Prayers for Students,5,5,3,parish-devotional;parish-intercessory;parish-sacraments,source_like,no
Charles Chapman Grafton,5,5,1,other,topic_or_source,no
Easter Even,5,5,1,parish-year,topic_or_source,no
Eighteenth Sunday After Trinity,5,5,1,parish-year,topic_or_source,no
Eighth Sunday After Trinity,5,5,1,parish-year,topic_or_source,no
Fifth Sunday After Epiphany,5,5,1,parish-year,topic_or_source,no
Fourth Sunday After Trinity,5,5,1,parish-year,topic_or_source,no
Fourth Sunday in Lent: Mothering Sunday,5,5,1,parish-year,topic_or_source,no
General Intercessions,5,5,1,parish-intercessory,topic_or_source,no
Harold Anson,5,5,3,parish-intercessory;parish-occasions;parish-year,topic_or_source,no
Harold Riley,5,5,1,parish-year,topic_or_source,no
Jeremy Taylor,5,5,3,parish-intercessory;parish-occasions;parish-year,topic_or_source,no
John Cosin,5,5,3,parish-devotional;parish-occasions;parish-year,topic_or_source,no
Lutheran Church,5,5,3,parish-devotional;parish-intercessory;parish-year,topic_or_source,no
Monday Before Easter,5,5,1,parish-year,topic_or_source,no
Ninth Sunday After Trinity,5,5,1,parish-year,topic_or_source,no
Prayers of the World-Wide Church,5,5,3,parish-intercessory;parish-occasions;parish-year,topic_or_source,no
Prayers Which May Be Used at the Burial of One Who Has Taken His Own Life,5,5,1,parish-sacraments,topic_or_source,no
R. M. Benson,5,5,4,parish-intercessory;parish-sacraments;parish-supplementary;parish-year,topic_or_source,no
Richard D. Acland,5,5,1,parish-year,topic_or_source,no
Rites of Healing (Prayers for Use by a Sick Person),5,5,1,acna2019,topic_or_source,no
Ruby E. Cleeve,5,5,1,parish-occasions,topic_or_source,no
Second Sunday in Lent,5,5,1,parish-year,topic_or_source,no
Seventeenth Sunday After Trinity,5,5,1,parish-year,topic_or_source,no
Sixteenth Sunday After Trinity,5,5,1,parish-year,topic_or_source,no
Sixth Sunday After Epiphany,5,5,1,parish-year,topic_or_source,no
Sunday After Christmas,5,5,1,parish-year,topic_or_source,no
The Spirit of Service,5,5,1,parish-devotional,topic_or_source,no
Third Sunday After Epiphany,5,5,1,parish-year,topic_or_source,no
Third Sunday in Advent,5,5,1,parish-year,topic_or_source,no
Third Sunday in Lent,5,5,1,parish-year,topic_or_source,no
Thomas Ken,5,5,3,parish-devotional;parish-occasions;parish-year,topic_or_source,no
Twentieth Sunday After Trinity,5,5,1,parish-year,topic_or_source,no
Twenty-Second Sunday After Trinity,5,5,1,parish-year,topic_or_source,no
Vesting Prayers,5,5,1,other,topic_or_source,no
W. Walsham How,5,5,3,parish-devotional;parish-sacraments;parish-year,topic_or_source,no
"A Form of Prayer, May 1940",4,4,2,parish-devotional;parish-intercessory,topic_or_source,no
A. McCheane,4,4,1,parish-year,topic_or_source,no
Clement of Rome,4,4,1,potec,topic_or_source,no
Country Services,4,4,2,parish-intercessory;parish-year,topic_or_source,no
E. W. Benson,4,4,3,parish-devotional;parish-intercessory;parish-year,topic_or_source,no
Ember Days,4,4,2,acna2019collects;coe1662,topic_or_source,no
Fifth Sunday After Trinity,4,4,1,parish-year,topic_or_source,no
Fourth Sunday After Easter,4,4,1,parish-year,topic_or_source,no
Guild of St. Raphael,4,4,1,parish-sacraments,source_like,no
J. Armitage Robinson,4,4,3,parish-intercessory;parish-supplementary;parish-year,topic_or_source,no
John Donne,4,4,2,other;parish-occasions,topic_or_source,no
John Wesley’s Prayers,4,4,3,parish-devotional;parish-intercessory;parish-year,topic_or_source,no
Mothers’ Union,4,4,2,parish-intercessory;parish-sacraments,topic_or_source,no
National Days,4,4,1,acna2019collects,topic_or_source,no
Percy Dearmer,4,4,1,parish-intercessory,topic_or_source,no
Rogation Days,4,4,2,acna2019collects;tec1928,topic_or_source,no
Second Sunday After Trinity,4,4,1,parish-year,topic_or_source,no
Sixth Sunday After Trinity,4,4,1,parish-year,topic_or_source,no
The Christmas Crib,4,4,1,parish-year,topic_or_source,no
The Eastern Church,4,4,1,potec,topic_or_source,no
Third Sunday After Easter,4,4,1,parish-year,topic_or_source,no
Thirteenth Sunday After Trinity,4,4,1,parish-year,topic_or_source,no
Twelfth Sunday After Trinity,4,4,1,parish-year,topic_or_source,no
Twenty-First Sunday After Trinity,4,4,1,parish-year,topic_or_source,no
Twenty-Fourth Sunday After Trinity,4,4,1,parish-year,topic_or_source,no
Twenty-Third Sunday After Trinity,4,4,1,parish-year,topic_or_source,no
William Laud,4,4,3,acna2019;parish-devotional;parish-intercessory,topic_or_source,no
"A Form of Prayer, August 1914",3,3,2,parish-intercessory;parish-occasions,topic_or_source,no
"A Form of Prayer, August 1918",3,3,1,parish-intercessory,topic_or_source,no
After Jeremy Taylor,3,3,2,parish-devotional;parish-intercessory,provenance_non_scriptural_source,no
"Anglican Altar Services, 1941",3,3,1,parish-year,topic_or_source,no
Arthur W. Robinson,3,3,3,parish-devotional;parish-intercessory;parish-year,topic_or_source,no
Basil,3,3,1,potec,topic_or_source,no
Charles H. Brent,3,3,3,parish-intercessory;parish-occasions;parish-sacraments,topic_or_source,no
E. M. Goulburn,3,3,2,parish-devotional;parish-year,topic_or_source,no
E. Milner-White,3,3,1,parish-year,topic_or_source,no
Erasmus,3,3,3,parish-devotional;parish-sacraments;parish-year,topic_or_source,no
For the Blessing of a Civil Marriage,3,3,1,parish-sacraments,topic_or_source,no
Gallican Sacramentary,3,3,3,parish-devotional;parish-year;potec,source_like,no
Gavin Hamilton,3,3,2,parish-devotional;parish-intercessory,topic_or_source,no
George H. Russell,3,3,1,parish-intercessory,topic_or_source,no
George Timms,3,3,1,parish-year,topic_or_source,no
"German Reformed Church, U.S.A.",3,3,1,parish-year,topic_or_source,no
Handley C. G. Moule,3,3,2,parish-intercessory;parish-year,topic_or_source,no
J. Mountain,3,3,1,parish-year,topic_or_source,no
James Martineau,3,3,1,parish-year,topic_or_source,no
John Chrysostom,3,3,1,potec,topic_or_source,no
Monday in Easter Week,3,3,1,parish-year,topic_or_source,no
Nerses of Clajes,3,3,1,potec,topic_or_source,no
Old Gallican Sacramentary,3,3,1,potec,source_like,no
Ryan Willers,3,3,1,other,topic_or_source,no
Seventh Sunday After Trinity,3,3,1,parish-year,topic_or_source,no
Student Prayer,3,3,2,parish-intercessory;parish-year,topic_or_source,no
The Clementine Liturgy,3,3,1,potec,source_like,no
The Daily Service,3,3,3,parish-devotional;parish-occasions;parish-year,topic_or_source,no
The Nation (Specific to Canada),3,3,1,acna2019,topic_or_source,no
The Nation (Specific to the United States or Mexico),3,3,1,acna2019,topic_or_source,no
Thomas Wilson,3,3,2,parish-devotional;parish-year,topic_or_source,no
Tuesday Before Easter,3,3,1,parish-year,topic_or_source,no
Tuesday in Easter Week,3,3,1,parish-year,topic_or_source,no
W. H. Frere,3,3,1,parish-year,topic_or_source,no
Wednesday Before Easter,3,3,1,parish-year,topic_or_source,no
A Book of Public Worship,2,2,1,parish-intercessory,source_like,no
A Book of Services and Prayers,2,2,1,parish-supplementary,source_like,no
A Devotional Diary,2,2,2,parish-devotional;parish-year,topic_or_source,no
A New Prayer Book,2,2,1,parish-year,source_like,no
Adapted from Gelasian Sacramentary,2,2,2,parish-intercessory;parish-year,provenance_non_scriptural_source,no
Adapted from Irish Prayer Book,2,2,1,parish-intercessory,provenance_non_scriptural_source,no
Adapted from Jeremy Taylor,2,2,2,parish-intercessory;parish-year,provenance_non_scriptural_source,no
Adapted from various sources,2,2,2,parish-occasions;parish-year,provenance_non_scriptural_source,no
After Gelasian Sacramentary,2,2,2,parish-intercessory;parish-year,provenance_non_scriptural_source,no
After J. H. Newman,2,2,2,parish-devotional;parish-occasions,provenance_non_scriptural_source,no
After Lancelot Andrewes,2,2,1,parish-year,provenance_non_scriptural_source,no
After St. Augustine,2,2,2,parish-devotional;parish-year,provenance_non_scriptural_source,no
Alcuin,2,2,1,parish-devotional,topic_or_source,no
Ashton Oxenden,2,2,2,parish-supplementary;parish-year,topic_or_source,no
Barnabas,2,2,1,potec,topic_or_source,no
Based on Book of Common Prayer,2,2,2,parish-sacraments;parish-year,provenance_non_scriptural_source,no
Book of Prayers for Students,2,2,1,parish-intercessory,source_like,no
Charles Kingsley,2,2,2,parish-devotional;parish-year,topic_or_source,no
Christian von Bunsen,2,2,2,parish-devotional;parish-year,topic_or_source,no
Convocation of York,2,2,1,parish-sacraments,source_like,no
Coptic Liturgy of St. Cyril,2,2,2,parish-devotional;potec,source_like,no
Diocese of Southwark,2,2,2,parish-sacraments;parish-year,source_like,no
Eugene Bersier,2,2,2,parish-devotional;parish-intercessory,topic_or_source,no
F. T. Woods,2,2,2,parish-devotional;parish-intercessory,topic_or_source,no
Frank Houghton,2,2,2,parish-sacraments;parish-supplementary,topic_or_source,no
Frederick Temple,2,2,2,parish-occasions;parish-year,topic_or_source,no
From a prayer of the Eastern Church,2,2,2,parish-devotional;parish-intercessory,provenance_non_scriptural_source,no
From the Accession Service,2,2,1,parish-intercessory,provenance_non_scriptural_source,no
G. C. Binyon,2,2,1,parish-intercessory,topic_or_source,no
Gordon Hewitt,2,2,1,parish-year,topic_or_source,no
Gothic Missal,2,2,1,parish-year,source_like,no
H. F. Leatherland,2,2,1,parish-intercessory,topic_or_source,no
Henry P. Liddon,2,2,1,parish-year,topic_or_source,no
J. Taylor Smith,2,2,2,parish-intercessory;parish-occasions,topic_or_source,no
James Mountain,2,2,1,parish-year,topic_or_source,no
John Dowden,2,2,2,parish-occasions;parish-sacraments,topic_or_source,no
John Wordsworth,2,2,1,parish-year,topic_or_source,no
"King’s College, Cambridge",2,2,2,parish-occasions;parish-year,topic_or_source,no
Leslie D. Weatherhead,2,2,1,parish-occasions,topic_or_source,no
Leslie S. Hunter,2,2,2,parish-devotional;parish-intercessory,topic_or_source,no
Let Us Pray,2,2,2,parish-sacraments;parish-year,topic_or_source,no
Liturgy of the Blessed Apostles,2,2,1,potec,source_like,no
Margaret Cropper,2,2,1,parish-occasions,topic_or_source,no
"National Mission, 1916",2,2,1,parish-intercessory,topic_or_source,no
Office of None,2,2,1,parish-year,source_like,no
Office of Sext,2,2,2,parish-intercessory;parish-year,source_like,no
Polycarp,2,2,1,potec,topic_or_source,no
"Prayers for Education Sunday, 1956",2,2,1,parish-occasions,topic_or_source,no
Religious Drama Society,2,2,1,parish-supplementary,source_like,no
Salisbury Cathedral,2,2,2,parish-occasions;parish-supplementary,topic_or_source,no
Samuel Johnson,2,2,2,parish-devotional;parish-sacraments,topic_or_source,no
Seasonal,2,2,1,coi2004,topic_or_source,no
Southwark Diocese,2,2,2,parish-devotional;parish-intercessory,source_like,no
St. Anselm,2,2,1,parish-devotional,topic_or_source,no
St. Francis of Assisi,2,2,1,parish-devotional,topic_or_source,no
St. Ignatius Loyola,2,2,2,parish-occasions;parish-sacraments,topic_or_source,no
Sursum Corda,2,2,1,parish-intercessory,topic_or_source,no
Thanksgivings for Family and Personal Life,2,2,1,tec1979,topic_or_source,no
Thanksgivings for National Life,2,2,1,tec1979,topic_or_source,no
Thanksgivings for the Church,2,2,1,tec1979,topic_or_source,no
Thanksgivings for the Natural Order,2,2,1,tec1979,source_like,no
The Baptism of Jesus,2,2,1,parish-year,topic_or_source,no
"The Missionary Conference, 1894",2,2,1,parish-year,source_like,no
The Splendour of God,2,2,1,parish-devotional,topic_or_source,no
Thomas à Kempis,2,2,2,acna2019;parish-intercessory,topic_or_source,no
William Bellars,2,2,2,parish-intercessory;parish-occasions,topic_or_source,no
1 Peter 5:10–11,1,1,1,parish-devotional,bible_reference_like,yes
"A Form of Prayer, March 1941",1,1,1,parish-intercessory,topic_or_source,no
"A Form of Prayer, October 1939",1,1,1,parish-intercessory,topic_or_source,no
A Harvest of Myrrh and Spices (trs. W. H. Draper),1,1,1,parish-year,topic_or_source,no
A Prayer of the Eastern Church,1,1,1,parish-intercessory,topic_or_source,no
A. S. T. Fisher,1,1,1,parish-intercessory,topic_or_source,no
A.C.C.M.,1,1,1,parish-year,topic_or_source,no
Acts of Devotion,1,1,1,parish-intercessory,topic_or_source,no
Adapted from a 16th c. German prayer,1,1,1,parish-year,provenance_non_scriptural_source,no
Adapted from A Book of Guide Prayers,1,1,1,parish-intercessory,provenance_non_scriptural_source,no
Adapted from A Diocesan Service Book,1,1,1,parish-occasions,provenance_non_scriptural_source,no
Adapted from a prayer at the London Hospital,1,1,1,parish-intercessory,provenance_non_scriptural_source,no
Adapted from a prayer for the General Synod in the Irish Prayer Book,1,1,1,parish-supplementary,provenance_non_scriptural_source,no
Adapted from a prayer of A. E. Daldy,1,1,1,parish-intercessory,provenance_non_scriptural_source,no
Adapted from a prayer of S.P.C.K.,1,1,1,parish-intercessory,provenance_non_scriptural_source,no
Adapted from a prayer of St. Thomas Aquinas,1,1,1,parish-sacraments,provenance_non_scriptural_source,no
Adapted from an ancient collect,1,1,1,parish-devotional,provenance_non_scriptural_source,no
Adapted from Book of Common Order,1,1,1,parish-occasions,provenance_non_scriptural_source,no
Adapted from Didache,1,1,1,parish-intercessory,provenance_non_scriptural_source,no
Adapted from George Appleton,1,1,1,parish-intercessory,provenance_non_scriptural_source,no
Adapted from John Donne,1,1,1,parish-occasions,provenance_non_scriptural_source,no
Adapted from Lancelot Andrewes (Daily Prayer),1,1,1,parish-year,provenance_non_scriptural_source,no
Adapted from Liturgy of St. James,1,1,1,parish-year,provenance_non_scriptural_source,no
Adapted from Micah 6:8,1,1,1,parish-devotional,citation_provenance_scripture,yes
Adapted from Mozarabic Sacramentary,1,1,1,parish-sacraments,provenance_non_scriptural_source,no
Adapted from Prayers for the Christian Year,1,1,1,parish-year,provenance_non_scriptural_source,no
Adapted from Roman Breviary,1,1,1,parish-year,provenance_non_scriptural_source,no
Adapted from Sarum Missal,1,1,1,parish-year,provenance_non_scriptural_source,no
Adapted from Sarum Primer,1,1,1,parish-intercessory,provenance_non_scriptural_source,no
Adapted from Scottish Prayer Book,1,1,1,parish-supplementary,provenance_non_scriptural_source,no
Adapted from St. Nerses of Clajes,1,1,1,parish-year,provenance_non_scriptural_source,no
Adapted from Student Prayer,1,1,1,parish-supplementary,provenance_non_scriptural_source,no
Adapted from Thomas Arnold,1,1,1,parish-intercessory,provenance_non_scriptural_source,no
After A. J. Mason,1,1,1,parish-intercessory,provenance_non_scriptural_source,no
After Christina Rossetti,1,1,1,parish-year,provenance_non_scriptural_source,no
After George Wither (Daily Prayer),1,1,1,parish-year,provenance_non_scriptural_source,no
After Mozarabic Sacramentary,1,1,1,parish-year,provenance_non_scriptural_source,no
After Prayers of 1585,1,1,1,parish-intercessory,provenance_non_scriptural_source,no
After Sir Francis Drake,1,1,1,parish-devotional,provenance_non_scriptural_source,no
After St. Anselm,1,1,1,parish-intercessory,provenance_non_scriptural_source,no
After St. Francis of Assisi,1,1,1,parish-occasions,provenance_non_scriptural_source,no
After St. Fulgentius,1,1,1,parish-devotional,provenance_non_scriptural_source,no
After St. Jerome,1,1,1,parish-supplementary,provenance_non_scriptural_source,no
After St. Thomas Aquinas,1,1,1,parish-devotional,provenance_non_scriptural_source,no
After the 55th Canon of 1603,1,1,1,parish-intercessory,provenance_non_scriptural_source,no
After William Laud,1,1,1,parish-intercessory,provenance_non_scriptural_source,no
An adaptation of the Gelasian prayer,1,1,1,parish-intercessory,topic_or_source,no
An adaptation of the House of Commons Prayer,1,1,1,parish-intercessory,topic_or_source,no
Anselm of Canterbury,1,1,1,acna2019,topic_or_source,no
Armenian Liturgy,1,1,1,potec,source_like,no
"Armistice Day Prayers, 1931",1,1,1,parish-intercessory,topic_or_source,no
Artists’ Prayer Guild,1,1,1,parish-devotional,source_like,no
"Austrian Church Order, 1571",1,1,1,parish-year,source_like,no
Based on 1 Peter 1:3–5,1,1,1,parish-year,citation_provenance_scripture,yes
Based on 1 Peter 4:10–11,1,1,1,parish-year,citation_provenance_scripture,yes
Based on 2 Corinthians 4:6,1,1,1,parish-supplementary,citation_provenance_scripture,yes
"Based on 2 John 3:23, 24",1,1,1,parish-year,citation_provenance_scripture,yes
Based on 2 Timothy 3:5–17,1,1,1,parish-supplementary,citation_provenance_scripture,yes
Based on a 16th century prayer,1,1,1,parish-occasions,provenance_non_scriptural_source,no
"Based on a prayer of the Pan-Anglican Congress, 1908",1,1,1,parish-intercessory,provenance_non_scriptural_source,no
Based on a sixteenth century prayer,1,1,1,parish-devotional,provenance_non_scriptural_source,no
Based on Colossians 1:10–12,1,1,1,parish-year,citation_provenance_scripture,yes
Based on Colossians 3:1–4,1,1,1,parish-year,citation_provenance_scripture,yes
Based on Confirmation Service,1,1,1,parish-sacraments,provenance_non_scriptural_source,no
Based on Ephesians 1:17–21,1,1,1,parish-devotional,citation_provenance_scripture,yes
Based on Ephesians 4:11–13,1,1,1,parish-intercessory,citation_provenance_scripture,yes
Based on Ephesians 4:30–32,1,1,1,parish-year,citation_provenance_scripture,yes
Based on Ephesians 4:4–6,1,1,1,parish-year,citation_provenance_scripture,yes
Based on Ephesians 6:11–17,1,1,1,parish-year,citation_provenance_scripture,yes
"Based on Galatians 5:22, 23",1,1,1,parish-year,citation_provenance_scripture,yes
Based on Hebrews 10:19–24,1,1,1,parish-year,citation_provenance_scripture,yes
"Based on Hebrews 13:20, 21",1,1,1,parish-year,citation_provenance_scripture,yes
Based on John 4:23; Isaiah 29:13; Psalm 103.,1,1,1,parish-devotional,citation_provenance_scripture,yes
Based on Luke 8:15,1,1,1,parish-year,citation_provenance_scripture,yes
Based on Numbers 6:24–26,1,1,1,parish-devotional,citation_provenance_scripture,yes
Based on Philippians 1:9–11,1,1,1,parish-year,citation_provenance_scripture,yes
Based on Philippians 2:8–11,1,1,1,parish-year,citation_provenance_scripture,yes
Based on Philippians 2:9–11,1,1,1,parish-devotional,citation_provenance_scripture,yes
Based on Philippians 4:4–7,1,1,1,parish-year,citation_provenance_scripture,yes
"Based on Psalm 119. 105, 18, 162",1,1,1,parish-supplementary,citation_provenance_scripture,yes
Based on Psalm 23:1–3,1,1,1,parish-year,citation_provenance_scripture,yes
Based on Romans 12:19–21,1,1,1,parish-year,citation_provenance_scripture,yes
Based on Romans 12:6–10. #### The first sign,1,1,1,parish-year,citation_provenance_scripture,yes
"Based on Romans 13. 11, 12, 1 Thessalonians 5:8",1,1,1,parish-year,citation_provenance_scripture,yes
Based on Romans 15:13,1,1,1,parish-year,citation_provenance_scripture,yes
Based on Thomas Ken,1,1,1,parish-year,provenance_non_scriptural_source,no
Benedict of Nursia,1,1,1,acna2019,topic_or_source,no
Benjamin Jenks,1,1,1,parish-devotional,topic_or_source,no
Bible Reading Fellowship,1,1,1,parish-supplementary,topic_or_source,no
"Book of Hours, 1864",1,1,1,parish-devotional,source_like,no
"Book of Offices, Methodist Church",1,1,1,parish-year,source_like,no
Book of Public Worship,1,1,1,parish-occasions,source_like,no
British Hospital for Mothers and Babies,1,1,1,parish-sacraments,topic_or_source,no
Brompton Parish Church,1,1,1,parish-sacraments,topic_or_source,no
C. C. B. Bardsley,1,1,1,parish-intercessory,topic_or_source,no
C. M. Blagden,1,1,1,parish-intercessory,topic_or_source,no
C. S. Woodward,1,1,1,parish-occasions,topic_or_source,no
C.I.P.B.C. Prayer Book,1,1,1,parish-year,source_like,no
Central Board of Finance,1,1,1,parish-occasions,source_like,no
Charles F. d’Arcy,1,1,1,parish-intercessory,topic_or_source,no
Charles Gore,1,1,1,parish-intercessory,topic_or_source,no
Church Army,1,1,1,parish-intercessory,topic_or_source,no
Church’s Ministry among the Jews,1,1,1,parish-intercessory,topic_or_source,no
Clement of Alexandria,1,1,1,potec,topic_or_source,no
Collect of Easter Even,1,1,1,parish-sacraments,topic_or_source,no
Community of the Resurrection,1,1,1,parish-intercessory,topic_or_source,no
Daybreak Office of the Eastern Church,1,1,1,parish-devotional,source_like,no
Diocese of Rochester,1,1,1,parish-intercessory,source_like,no
Diocese of Uganda,1,1,1,parish-intercessory,source_like,no
Douglas Crick,1,1,1,parish-intercessory,topic_or_source,no
E. C. Ratcliff,1,1,1,parish-intercessory,topic_or_source,no
E. M. Venables,1,1,1,parish-intercessory,topic_or_source,no
Edward Hawkins,1,1,1,parish-year,topic_or_source,no
Emil E. Fischer,1,1,1,parish-year,topic_or_source,no
Ephesians 3:14–19,1,1,1,parish-year,bible_reference_like,yes
"Ephesians 3:20, 21",1,1,1,parish-devotional,bible_reference_like,yes
Eric Fenn,1,1,1,parish-devotional,topic_or_source,no
F. D. Maurice,1,1,1,parish-intercessory,topic_or_source,no
F. J. A. Hort,1,1,1,parish-sacraments,topic_or_source,no
Faith and Order Conference Manual,1,1,1,parish-occasions,source_like,no
Fellowship Litanies,1,1,1,parish-year,topic_or_source,no
Fielding Ould,1,1,1,parish-occasions,topic_or_source,no
Fifth century,1,1,1,parish-occasions,topic_or_source,no
"Form of National Prayer, 1942",1,1,1,parish-intercessory,topic_or_source,no
"Form of National Prayer, May 1940",1,1,1,parish-intercessory,topic_or_source,no
Francis J. Moore,1,1,1,parish-intercessory,topic_or_source,no
Francis Xavier,1,1,1,acna2019,topic_or_source,no
Franciscan Breviary,1,1,1,parish-intercessory,source_like,no
Frank Edward Brightman,1,1,1,parish-occasions,topic_or_source,no
From an ancient prayer,1,1,1,parish-intercessory,provenance_non_scriptural_source,no
From Book of Common Prayer,1,1,1,parish-year,provenance_non_scriptural_source,no
From Primer of 1555,1,1,1,parish-devotional,provenance_non_scriptural_source,no
From the Gothic,1,1,1,parish-devotional,provenance_non_scriptural_source,no
From the Litany,1,1,1,parish-year,provenance_non_scriptural_source,no
From the Liturgy of Malabar,1,1,1,parish-sacraments,provenance_non_scriptural_source,no
From the Order of Compline,1,1,1,parish-occasions,provenance_non_scriptural_source,no
G. E. L. Cotton,1,1,1,parish-year,topic_or_source,no
Geneva Bible,1,1,1,parish-year,topic_or_source,no
Geoffrey F. Fisher,1,1,1,parish-intercessory,topic_or_source,no
George Adam Smith,1,1,1,parish-year,topic_or_source,no
George Dawson,1,1,1,parish-devotional,topic_or_source,no
George Hickes,1,1,1,parish-devotional,topic_or_source,no
George Timms (after C. J. Vaughan),1,1,1,parish-year,topic_or_source,no
Gladys E. Bretherton,1,1,1,parish-intercessory,topic_or_source,no
"Godly Prayers, 1559",1,1,1,parish-year,topic_or_source,no
Gregory Nazianzen,1,1,1,parish-year,topic_or_source,no
Guildford Diocese,1,1,1,parish-occasions,source_like,no
H. Bisseker,1,1,1,parish-year,topic_or_source,no
H. C. Cooksey,1,1,1,parish-year,topic_or_source,no
H. J. Wotherspoon,1,1,1,parish-year,topic_or_source,no
H. Stobat,1,1,1,parish-year,topic_or_source,no
"Hebrews 13:20, 21",1,1,1,parish-devotional,bible_reference_like,yes
Henry Hayman,1,1,1,parish-intercessory,topic_or_source,no
Henry Scott Holland,1,1,1,parish-intercessory,topic_or_source,no
Hugh Martin,1,1,1,parish-year,topic_or_source,no
Ignatius,1,1,1,potec,topic_or_source,no
In the Tradition of Francis of Assisi,1,1,1,acna2019,topic_or_source,no
In Watchings Often,1,1,1,parish-intercessory,topic_or_source,no
Inter-Varsity Fellowship,1,1,1,parish-occasions,topic_or_source,no
Irenaeus,1,1,1,potec,topic_or_source,no
J. H. Oldham,1,1,1,parish-occasions,topic_or_source,no
J. W. Suter,1,1,1,parish-year,topic_or_source,no
James Wareham,1,1,1,parish-supplementary,topic_or_source,no
John Calvin,1,1,1,parish-supplementary,topic_or_source,no
John Henry Newman,1,1,1,acna2019,topic_or_source,no
John Wesley,1,1,1,acna2019,topic_or_source,no
Joost de Blank,1,1,1,parish-intercessory,topic_or_source,no
Joseph Hall,1,1,1,parish-year,topic_or_source,no
Joseph Mercier,1,1,1,acna2019,topic_or_source,no
"Jude 24, 25",1,1,1,parish-devotional,bible_reference_like,yes
Julian of Norwich,1,1,1,acna2019,topic_or_source,no
King Alfred,1,1,1,parish-devotional,topic_or_source,no
"King’s College Chapel, Cambridge",1,1,1,parish-supplementary,topic_or_source,no
"Knox’s Book of Common Order, 1564",1,1,1,parish-devotional,source_like,no
L. Tuttiet,1,1,1,parish-year,topic_or_source,no
"Lambeth Conference, 1930",1,1,1,parish-intercessory,source_like,no
"Lambeth Conference, 1958",1,1,1,parish-intercessory,source_like,no
Laurence Binyon,1,1,1,parish-occasions,topic_or_source,no
"Leaflet of the Collegium, 1914",1,1,1,parish-intercessory,topic_or_source,no
Lionel James,1,1,1,parish-sacraments,topic_or_source,no
Liturgy of St. Basil,1,1,1,acna2019,source_like,no
Liturgy of St. Dionysius,1,1,1,parish-intercessory,source_like,no
Liturgy of the Nestorians,1,1,1,potec,source_like,no
Liturgy of the Reformed Church of France,1,1,1,parish-occasions,source_like,no
Luke 2:15; Isaiah 9:6,1,1,1,parish-year,bible_reference_like,yes
M. A. P. Wood (after St. Augustine),1,1,1,parish-devotional,topic_or_source,no
Macrina the Younger,1,1,1,other,topic_or_source,no
Mandell Creighton,1,1,1,parish-year,topic_or_source,no
Miles Coverdale,1,1,1,acna2019,topic_or_source,no
Mozarabic Liturgy,1,1,1,parish-devotional,source_like,no
Nicholas Ridley,1,1,1,parish-devotional,topic_or_source,no
Non-Jurors’ Prayer Book,1,1,1,parish-year,source_like,no
Nonjurors’ Prayer Book,1,1,1,parish-devotional,source_like,no
Office of Compline,1,1,1,parish-year,source_like,no
Old Galilean,1,1,1,parish-year,topic_or_source,no
Olive Warner,1,1,1,parish-intercessory,topic_or_source,no
Order of Compline,1,1,1,parish-devotional,source_like,no
Oxford Diocesan Service Book,1,1,1,parish-year,source_like,no
Pakenham Walsh,1,1,1,parish-occasions,topic_or_source,no
"Peace Prayers, 1946",1,1,1,parish-intercessory,topic_or_source,no
Prayer of the Order,1,1,1,parish-year,source_like,no
Prayer of the Order of the Garter,1,1,1,parish-intercessory,source_like,no
"Prayers for Education Sunday, 1957",1,1,1,parish-occasions,topic_or_source,no
Praying for the Church Overseas,1,1,1,parish-intercessory,topic_or_source,no
Praying for Unity,1,1,1,parish-occasions,topic_or_source,no
Priest’s Book of Private Devotion,1,1,1,parish-sacraments,source_like,no
Priest’s Prayer Book,1,1,1,parish-intercessory,source_like,no
"Psalms 104:24; 145:15, 16, 21",1,1,1,parish-occasions,bible_reference_like,yes
R. Ambrose Reeves,1,1,1,parish-intercessory,topic_or_source,no
R. W. Stewart,1,1,1,parish-occasions,topic_or_source,no
Randall T. Davidson,1,1,1,parish-intercessory,topic_or_source,no
"Revelation 1:5, 6",1,1,1,parish-devotional,bible_reference_like,yes
Revelation 4:11; 5:13,1,1,1,parish-year,bible_reference_like,yes
Richard Baxter,1,1,1,parish-year,topic_or_source,no
Richard of Chichester,1,1,1,acna2019,topic_or_source,no
Robert N. Rodenmeyer,1,1,1,parish-intercessory,topic_or_source,no
Robert Nelson,1,1,1,parish-year,topic_or_source,no
Roman Breviary,1,1,1,parish-devotional,source_like,no
Roman Missal,1,1,1,parish-supplementary,source_like,no
Russian Contakion of the Departed,1,1,1,parish-occasions,topic_or_source,no
Rydal School Hymnal,1,1,1,parish-year,topic_or_source,no
S. Gladstone,1,1,1,parish-occasions,topic_or_source,no
S. P. T. Prideaux,1,1,1,parish-intercessory,topic_or_source,no
Sarum Breviary,1,1,1,parish-year,source_like,no
Sarum Missal,1,1,1,parish-year,source_like,no
School Prayers,1,1,1,parish-intercessory,topic_or_source,no
Service Book for the Young,1,1,1,parish-occasions,source_like,no
"St. Aldate’s Church, Oxford",1,1,1,parish-occasions,topic_or_source,no
St. Benedict,1,1,1,parish-devotional,topic_or_source,no
St. Hilary of Poitiers,1,1,1,parish-year,topic_or_source,no
St. Patrick’s Breastplate,1,1,1,parish-devotional,topic_or_source,no
St. Paul’s Cathedral,1,1,1,parish-intercessory,topic_or_source,no
St. Richard of Chichester,1,1,1,parish-year,topic_or_source,no
St. Thomas Aquinas,1,1,1,parish-devotional,topic_or_source,no
Student Christian Movement,1,1,1,parish-intercessory,topic_or_source,no
Suzanne de Dietrich,1,1,1,parish-occasions,topic_or_source,no
Syrian Clementine Liturgy,1,1,1,potec,source_like,no
Te Deum,1,1,1,parish-year,topic_or_source,no
Thanksgivings for the Social Order,1,1,1,tec1979,source_like,no
The Boys’ Prayer Book,1,1,1,parish-intercessory,source_like,no
The C.M.S. Prayer adapted,1,1,1,parish-occasions,topic_or_source,no
The Earl of Meath,1,1,1,parish-intercessory,topic_or_source,no
The Narrow Way,1,1,1,parish-year,topic_or_source,no
The Prayer Manual,1,1,1,parish-year,topic_or_source,no
The Royal Maundy,1,1,1,parish-year,topic_or_source,no
The Unfolding Year,1,1,1,parish-occasions,topic_or_source,no
Thomas Aquinas,1,1,1,acna2019,topic_or_source,no
Thomas Becon,1,1,1,parish-year,topic_or_source,no
Toc H Prayers,1,1,1,parish-intercessory,topic_or_source,no
"Trinity College, Dublin",1,1,1,parish-devotional,topic_or_source,no
"United Lutheran Church, U.S.A.",1,1,1,parish-year,topic_or_source,no
United Society for Christian Literature,1,1,1,parish-intercessory,source_like,no
Uppingham School Prayers,1,1,1,parish-devotional,topic_or_source,no
W. Bellars,1,1,1,parish-intercessory,topic_or_source,no
W. Boyd Carpenter,1,1,1,parish-intercessory,topic_or_source,no
W. Charter Piggott,1,1,1,parish-intercessory,topic_or_source,no
W. Hay Aitken,1,1,1,parish-occasions,topic_or_source,no
W. J. Butler,1,1,1,parish-intercessory,topic_or_source,no
W. K. Hamilton,1,1,1,parish-year,topic_or_source,no
W. L. Anderson,1,1,1,parish-supplementary,topic_or_source,no
W. M. Clow,1,1,1,parish-year,topic_or_source,no
W. Rigby Murray,1,1,1,parish-year,topic_or_source,no
W. Walshanz How,1,1,1,parish-year,topic_or_source,no
W. Waltham How,1,1,1,parish-intercessory,topic_or_source,no
"War Prayers, 1940",1,1,1,parish-intercessory,topic_or_source,no
Westminster Prayers,1,1,1,parish-devotional,topic_or_source,no
When Two or Three,1,1,1,parish-intercessory,topic_or_source,no
Wilfred B. Hornby,1,1,1,parish-year,topic_or_source,no
William Martin,1,1,1,parish-intercessory,topic_or_source,no
Winchester Cathedral,1,1,1,parish-occasions,topic_or_source,no
York Diocese,1,1,1,parish-devotional,source_like,no
"York Minster, 1547",1,1,1,parish-year,topic_or_source,no
