raw_value,assignment_count,file_count,overlap_file_count,canonical_value,suggested_facet,suggested_action,suggestion_reason,reviewed_action,reviewed_facet,review_notes
The Church’s Year,650,650,0,The Church’s Year,,keep,default_keep,,,
Intercessory Prayers,423,423,0,Intercessory Prayers,,keep,default_keep,,,
Various Occasions,265,265,0,Various Occasions,,keep,default_keep,,,
Devotional Prayers,248,248,0,Devotional Prayers,,keep,default_keep,,,
The Trinity Season,135,135,0,The Trinity Season,,keep,default_keep,,,
Sacraments and Ordinances,123,123,0,Sacraments and Ordinances,,keep,default_keep,,,
Frank Colquhoun,109,109,109,Frank Colquhoun,attribution,move_to_attribution,high_tag_attribution_overlap,,,
Holy Week,99,99,0,Holy Week,,keep,default_keep,,,
Supplementary Prayers,99,99,0,Supplementary Prayers,,keep,default_keep,,,
Family and Personal Life,94,94,0,Family and Personal Life,,keep,default_keep,,,
Various,65,65,0,Various,,keep,default_keep,,,
The Church,63,63,0,The Church,,keep,default_keep,,,
Fourth Century Prayers,62,62,0,Fourth Century Prayers,,keep,default_keep,,,
Epiphany,61,61,0,Epiphany,,keep,default_keep,,,
Christmas,56,56,0,Christmas,,keep,default_keep,,,
Saints’ Days and Holy Days,55,55,0,Saints’ Days and Holy Days,,keep,default_keep,,,
Our Nation and Government,51,51,0,Our Nation and Government,,keep,default_keep,,,
Eastertide,50,50,0,Eastertide,,keep,default_keep,,,
Thanksgivings,48,48,0,Thanksgivings,,keep,default_keep,,,
Lent,45,45,0,Lent,,keep,default_keep,,,
Advent,44,44,0,Advent,,keep,default_keep,,,
The Suffering,44,44,0,The Suffering,,keep,default_keep,,,
Fifth Century Prayers,40,40,0,Fifth Century Prayers,,keep,default_keep,,,
Personal Devotion,40,40,0,Personal Devotion,,keep,default_keep,,,
The Church Overseas,39,39,0,The Church Overseas,,keep,default_keep,,,
The Church of God,38,38,0,The Church of God,,keep,default_keep,,,
American Prayer Book,36,36,33,American Prayer Book,source,move_to_source,high_overlap_and_source_like,,,
Daily Prayer,36,36,35,Daily Prayer,attribution,move_to_attribution,high_tag_attribution_overlap,,,
Gelasian Sacramentary,36,36,13,Gelasian Sacramentary,,keep,default_keep,,,
The Seven Words From the Cross,34,34,0,The Seven Words From the Cross,,keep,default_keep,,,
General Prayers,32,32,0,General Prayers,,keep,default_keep,,,
Social Order,32,32,0,Social Order,,keep,default_keep,,,
In the Ember Weeks,31,31,0,In the Ember Weeks,,keep,default_keep,,,
The Season After Pentecost,31,31,0,The Season After Pentecost,,keep,default_keep,,,
Holy Days,30,30,0,Holy Days,,keep,default_keep,,,
The Nation,30,30,0,The Nation,,keep,default_keep,,,
Augustine,29,29,29,Augustine,attribution,move_to_attribution,high_tag_attribution_overlap,,,
Church of South India,27,27,27,Church of South India,source,move_to_source,high_overlap_and_source_like,,,
Those in Need,27,27,0,Those in Need,,keep,default_keep,,,
Holy Communion,26,26,0,Holy Communion,,keep,default_keep,,,
Book of Common Order,25,25,23,Book of Common Order,source,move_to_source,high_overlap_and_source_like,,,
General and Concluding Prayers,25,25,0,General and Concluding Prayers,,keep,default_keep,,,
New Every Morning,25,25,20,New Every Morning,attribution,move_to_attribution,high_tag_attribution_overlap,,,
Society and Industry,25,25,0,Society and Industry,,keep,default_keep,,,
At Times of Prayer and Worship,24,24,0,At Times of Prayer and Worship,,keep,default_keep,,,
Canadian Prayer Book,24,24,15,Canadian Prayer Book,,keep,default_keep,,,
Church Meetings,24,24,0,Church Meetings,,keep,default_keep,,,
Home and Friends,24,24,0,Home and Friends,,keep,default_keep,,,
Concluding Prayers,23,23,0,Concluding Prayers,,keep,default_keep,,,
Fifth Sunday After Easter: Rogation Sunday,23,23,0,Fifth Sunday After Easter: Rogation Sunday,,keep,default_keep,,,
Scottish Prayer Book,23,23,23,Scottish Prayer Book,source,move_to_source,high_overlap_and_source_like,,,
The Nations of the World,23,23,0,The Nations of the World,,keep,default_keep,,,
Whitsunday,23,23,0,Whitsunday,,keep,default_keep,,,
Whitsuntide,23,23,0,Whitsuntide,,keep,default_keep,,,
Ascensiontide,22,22,0,Ascensiontide,,keep,default_keep,,,
Education and Youth,22,22,0,Education and Youth,,keep,default_keep,,,
Family and Personal Life (Throughout the Day),22,22,0,Family and Personal Life (Throughout the Day),,keep,default_keep,,,
Gift Day or Stewardship Sunday,22,22,0,Gift Day or Stewardship Sunday,,keep,default_keep,,,
Leonine Sacramentary,22,22,10,Leonine Sacramentary,,keep,default_keep,,,
The Church at Home,22,22,0,The Church at Home,,keep,default_keep,,,
The Sick,22,22,0,The Sick,,keep,default_keep,,,
William Temple,22,22,22,William Temple,attribution,move_to_attribution,high_tag_attribution_overlap,,,
First Century Prayers,21,21,0,First Century Prayers,,keep,default_keep,,,
Prayers for the Christian Year,21,21,19,Prayers for the Christian Year,attribution,move_to_attribution,high_tag_attribution_overlap,,,
Septuagesima to Quinquagesima,21,21,0,Septuagesima to Quinquagesima,,keep,default_keep,,,
The Departed,21,21,0,The Departed,,keep,default_keep,,,
Vestry Prayers,21,21,0,Vestry Prayers,,keep,default_keep,,,
A Memorial Service,20,20,0,A Memorial Service,,keep,default_keep,,,
Children’s Church,20,20,0,Children’s Church,,keep,default_keep,,,
Harvest Thanksgiving,20,20,0,Harvest Thanksgiving,,keep,default_keep,,,
William Bright,20,20,19,William Bright,attribution,move_to_attribution,high_tag_attribution_overlap,,,
Education Sunday,19,19,0,Education Sunday,,keep,default_keep,,,
Evangelism,19,19,0,Evangelism,,keep,default_keep,,,
Creation,18,18,0,Creation,,keep,default_keep,,,
Easter,18,18,0,Easter,,keep,default_keep,,,
Henry Alford,18,18,12,Henry Alford,,keep,default_keep,,,
In Time of War,18,18,0,In Time of War,,keep,default_keep,,,
Lesser Feasts,18,18,0,Lesser Feasts,,keep,default_keep,,,
Remembrance Sunday,18,18,0,Remembrance Sunday,,keep,default_keep,,,
The Parish,18,18,0,The Parish,,keep,default_keep,,,
Benedictions and Doxologies,17,17,0,Benedictions and Doxologies,,keep,default_keep,,,
J. R. W. Stott,17,17,17,J. R. W. Stott,attribution,move_to_attribution,high_tag_attribution_overlap,,,
Opening Prayers,17,17,0,Opening Prayers,,keep,default_keep,,,
"The Kingdom, the Power, and the Glory",17,17,12,"The Kingdom, the Power, and the Glory",,keep,default_keep,,,
Easter Day,16,16,0,Easter Day,,keep,default_keep,,,
Good Friday,16,16,0,Good Friday,,keep,default_keep,,,
Praise and Thanksgiving,16,16,0,Praise and Thanksgiving,,keep,default_keep,,,
Rogationtide,16,16,0,Rogationtide,,keep,default_keep,,,
Sunday School Festival,16,16,0,Sunday School Festival,,keep,default_keep,,,
George Appleton,15,15,15,George Appleton,attribution,move_to_attribution,high_tag_attribution_overlap,,,
Palm Sunday,15,15,0,Palm Sunday,,keep,default_keep,,,
Pastoral,15,15,0,Pastoral,,keep,default_keep,,,
The Ascension Day,15,15,0,The Ascension Day,,keep,default_keep,,,
The World,15,15,0,The World,,keep,default_keep,,,
Third Century Prayers,15,15,0,Third Century Prayers,,keep,default_keep,,,
Apostolic Constitutions,14,14,0,Apostolic Constitutions,,keep,default_keep,,,
At Evening,14,14,0,At Evening,,keep,default_keep,,,
B. F. Westcott,14,14,11,B. F. Westcott,,keep,default_keep,,,
Dedication Festival,14,14,0,Dedication Festival,,keep,default_keep,,,
Frederick B. Macnutt,14,14,14,Frederick B. Macnutt,attribution,move_to_attribution,high_tag_attribution_overlap,,,
Irish Prayer Book,14,14,11,Irish Prayer Book,,keep,default_keep,,,
Mothering Sunday Service,14,14,0,Mothering Sunday Service,,keep,default_keep,,,
Watch-Night Service,14,14,0,Watch-Night Service,,keep,default_keep,,,
Dedication,13,13,0,Dedication,,keep,default_keep,,,
Health Services and Hospitals,13,13,0,Health Services and Hospitals,,keep,default_keep,,,
In the Morning,13,13,0,In the Morning,,keep,default_keep,,,
Missionary Festival,13,13,0,Missionary Festival,,keep,default_keep,,,
New Testament Prayers,13,13,0,New Testament Prayers,,keep,default_keep,,,
Our Daily Work,13,13,0,Our Daily Work,,keep,default_keep,,,
The Coming of God’s Kingdom,13,13,0,The Coming of God’s Kingdom,,keep,default_keep,,,
The Epiphany,13,13,0,The Epiphany,,keep,default_keep,,,
A Civic Service,12,12,0,A Civic Service,,keep,default_keep,,,
Adapted from Book of Common Prayer,12,12,12,Adapted from Book of Common Prayer,source,move_to_source,non_scriptural_provenance_prefix,,,
Choir Festival,12,12,0,Choir Festival,,keep,default_keep,,,
Travel,12,12,0,Travel,,keep,default_keep,,,
Week of Prayer for Christian Unity,12,12,0,Week of Prayer for Christian Unity,,keep,default_keep,,,
Confirmation,11,11,0,Confirmation,,keep,default_keep,,,
Euchologium Anglicanum,11,11,11,Euchologium Anglicanum,source,move_to_source,high_overlap_and_source_like,,,
Marriage,11,11,0,Marriage,,keep,default_keep,,,
Rites of Healing,11,11,0,Rites of Healing,,keep,default_keep,,,
Second Century Prayers,11,11,0,Second Century Prayers,,keep,default_keep,,,
Those in Spiritual Need,11,11,0,Those in Spiritual Need,,keep,default_keep,,,
Trinity Sunday,11,11,0,Trinity Sunday,,keep,default_keep,,,
Youth Festival,11,11,0,Youth Festival,,keep,default_keep,,,
Commons of Commemoration,10,10,0,Commons of Commemoration,,keep,default_keep,,,
Courage and Perseverance,10,10,0,Courage and Perseverance,,keep,default_keep,,,
Family Prayer,10,10,0,Family Prayer,,keep,default_keep,,,
Maundy Thursday,10,10,0,Maundy Thursday,,keep,default_keep,,,
Old People’s Service,10,10,0,Old People’s Service,,keep,default_keep,,,
Penitence and Pardon,10,10,0,Penitence and Pardon,,keep,default_keep,,,
Second Sunday in Advent (Bible Sunday),10,10,0,Second Sunday in Advent (Bible Sunday),,keep,default_keep,,,
The Circumcision,10,10,0,The Circumcision,,keep,default_keep,,,
W. David O. Taylor,10,10,0,W. David O. Taylor,,keep,default_keep,,,
A Diocesan Service Book,9,9,8,A Diocesan Service Book,source,move_to_source,high_overlap_and_source_like,,,
Ash Wednesday,9,9,0,Ash Wednesday,,keep,default_keep,,,
C. J. Vaughan,9,9,8,C. J. Vaughan,attribution,move_to_attribution,high_tag_attribution_overlap,,,
Christmas Day,9,9,0,Christmas Day,,keep,default_keep,,,
Confessions,9,9,0,Confessions,,keep,default_keep,,,
Faith,9,9,0,Faith,,keep,default_keep,,,
Holy Baptism,9,9,0,Holy Baptism,,keep,default_keep,,,
Knowledge and Truth,9,9,0,Knowledge and Truth,,keep,default_keep,,,
Liturgy of St. Mark,9,9,1,Liturgy of St. Mark,,keep,default_keep,,,
Love,9,9,0,Love,,keep,default_keep,,,
Peter Green,9,9,8,Peter Green,attribution,move_to_attribution,high_tag_attribution_overlap,,,
Pulpit Prayers,9,9,0,Pulpit Prayers,,keep,default_keep,,,
The Christian Warfare,9,9,0,The Christian Warfare,,keep,default_keep,,,
W. E. Orchard,9,9,6,W. E. Orchard,,keep,default_keep,,,
A Procession of Passion Prayers,8,8,8,A Procession of Passion Prayers,attribution,move_to_attribution,high_tag_attribution_overlap,,,
Before Bible Study,8,8,0,Before Bible Study,,keep,default_keep,,,
Burial of the Dead,8,8,0,Burial of the Dead,,keep,default_keep,,,
Childbirth,8,8,0,Childbirth,,keep,default_keep,,,
Fifth Sunday in Lent: Passion Sunday,8,8,0,Fifth Sunday in Lent: Passion Sunday,,keep,default_keep,,,
Guild of Health,8,8,6,Guild of Health,,keep,default_keep,,,
Inward Peace,8,8,0,Inward Peace,,keep,default_keep,,,
James M. Todd,8,8,8,James M. Todd,attribution,move_to_attribution,high_tag_attribution_overlap,,,
John Hunter,8,8,7,John Hunter,attribution,move_to_attribution,high_tag_attribution_overlap,,,
L. E. H. Stephens-Hodge,8,8,8,L. E. H. Stephens-Hodge,attribution,move_to_attribution,high_tag_attribution_overlap,,,
Offertory Prayers,8,8,0,Offertory Prayers,,keep,default_keep,,,
Rulers and Statesmen,8,8,0,Rulers and Statesmen,,keep,default_keep,,,
St. Augustine,8,8,8,St. Augustine,attribution,move_to_attribution,high_tag_attribution_overlap,,,
Sunday Called Septuagesima,8,8,0,Sunday Called Septuagesima,,keep,default_keep,,,
William Knight,8,8,5,William Knight,,keep,default_keep,,,
A Prayer Meeting,7,7,0,A Prayer Meeting,,keep,default_keep,,,
After the Third Collect,7,7,7,After the Third Collect,source,move_to_source,non_scriptural_provenance_prefix,,,
Basil Naylor,7,7,7,Basil Naylor,attribution,move_to_attribution,high_tag_attribution_overlap,,,
"Canterbury Convocation, 1862",7,7,5,"Canterbury Convocation, 1862",,keep,default_keep,,,
Christmas Eve,7,7,0,Christmas Eve,,keep,default_keep,,,
"Death, the Departed, and the Communion of Saints",7,7,0,"Death, the Departed, and the Communion of Saints",,keep,default_keep,,,
Dedication of Memorial Gifts,7,7,0,Dedication of Memorial Gifts,,keep,default_keep,,,
E. B. Pusey,7,7,6,E. B. Pusey,attribution,move_to_attribution,high_tag_attribution_overlap,,,
First Sunday After Easter,7,7,0,First Sunday After Easter,,keep,default_keep,,,
First Sunday After Trinity,7,7,0,First Sunday After Trinity,,keep,default_keep,,,
First Sunday in Advent,7,7,0,First Sunday in Advent,,keep,default_keep,,,
First Sunday in Lent,7,7,0,First Sunday in Lent,,keep,default_keep,,,
Guidance,7,7,0,Guidance,,keep,default_keep,,,
Lancelot Andrewes,7,7,7,Lancelot Andrewes,attribution,move_to_attribution,high_tag_attribution_overlap,,,
Liturgy of the Catholic Apostolic Church,7,7,3,Liturgy of the Catholic Apostolic Church,,keep,default_keep,,,
Mozarabic Sacramentary,7,7,4,Mozarabic Sacramentary,,keep,default_keep,,,
Prayers Suitable for Use at a Marriage Reunion Service,7,7,0,Prayers Suitable for Use at a Marriage Reunion Service,,keep,default_keep,,,
Second Sunday After Epiphany,7,7,0,Second Sunday After Epiphany,,keep,default_keep,,,
South African Prayer Book,7,7,5,South African Prayer Book,,keep,default_keep,,,
Sunday After Ascension Day,7,7,0,Sunday After Ascension Day,,keep,default_keep,,,
Sunday Called Quinquagesima,7,7,0,Sunday Called Quinquagesima,,keep,default_keep,,,
The Commonwealth,7,7,0,The Commonwealth,,keep,default_keep,,,
W. E. Scudamore,7,7,5,W. E. Scudamore,,keep,default_keep,,,
With all our Strength,7,7,7,With all our Strength,attribution,move_to_attribution,high_tag_attribution_overlap,,,
A Christmas Carol Service,6,6,0,A Christmas Carol Service,,keep,default_keep,,,
Ambrose,6,6,6,Ambrose,attribution,move_to_attribution,high_tag_attribution_overlap,,,
Christina Rossetti,6,6,5,Christina Rossetti,attribution,move_to_attribution,high_tag_attribution_overlap,,,
Collects,6,6,0,Collects,,keep,default_keep,,,
Eleventh Sunday After Trinity,6,6,0,Eleventh Sunday After Trinity,,keep,default_keep,,,
Fifteenth Sunday After Trinity,6,6,0,Fifteenth Sunday After Trinity,,keep,default_keep,,,
First Sunday After Epiphany,6,6,0,First Sunday After Epiphany,,keep,default_keep,,,
Fourteenth Sunday After Trinity,6,6,0,Fourteenth Sunday After Trinity,,keep,default_keep,,,
Fourth Sunday After Epiphany,6,6,0,Fourth Sunday After Epiphany,,keep,default_keep,,,
Fourth Sunday in Advent,6,6,0,Fourth Sunday in Advent,,keep,default_keep,,,
Gregorian Sacramentary,6,6,4,Gregorian Sacramentary,,keep,default_keep,,,
Growth in Grace,6,6,0,Growth in Grace,,keep,default_keep,,,
James Ferguson,6,6,5,James Ferguson,attribution,move_to_attribution,high_tag_attribution_overlap,,,
Liturgy of St. James,6,6,2,Liturgy of St. James,,keep,default_keep,,,
Nineteenth Sunday After Trinity,6,6,0,Nineteenth Sunday After Trinity,,keep,default_keep,,,
Prayer for Mission,6,6,0,Prayer for Mission,,keep,default_keep,,,
Salisbury Book of Occasional Offices,6,6,2,Salisbury Book of Occasional Offices,,keep,default_keep,,,
Second Sunday After Easter,6,6,0,Second Sunday After Easter,,keep,default_keep,,,
Sunday Called Sexagesima,6,6,0,Sunday Called Sexagesima,,keep,default_keep,,,
Sunday Next Before Advent (Trinity Xxv),6,6,0,Sunday Next Before Advent (Trinity Xxv),,keep,default_keep,,,
Tenth Sunday After Trinity,6,6,0,Tenth Sunday After Trinity,,keep,default_keep,,,
Third Sunday After Trinity,6,6,0,Third Sunday After Trinity,,keep,default_keep,,,
A Book of Prayers for Students,5,5,2,A Book of Prayers for Students,,keep,default_keep,,,
Charles Chapman Grafton,5,5,0,Charles Chapman Grafton,,keep,default_keep,,,
Easter Even,5,5,0,Easter Even,,keep,default_keep,,,
Eighteenth Sunday After Trinity,5,5,0,Eighteenth Sunday After Trinity,,keep,default_keep,,,
Eighth Sunday After Trinity,5,5,0,Eighth Sunday After Trinity,,keep,default_keep,,,
Fifth Sunday After Epiphany,5,5,0,Fifth Sunday After Epiphany,,keep,default_keep,,,
Fourth Sunday After Trinity,5,5,0,Fourth Sunday After Trinity,,keep,default_keep,,,
Fourth Sunday in Lent: Mothering Sunday,5,5,0,Fourth Sunday in Lent: Mothering Sunday,,keep,default_keep,,,
General Intercessions,5,5,0,General Intercessions,,keep,default_keep,,,
Harold Anson,5,5,5,Harold Anson,attribution,move_to_attribution,high_tag_attribution_overlap,,,
Harold Riley,5,5,5,Harold Riley,attribution,move_to_attribution,high_tag_attribution_overlap,,,
Jeremy Taylor,5,5,5,Jeremy Taylor,attribution,move_to_attribution,high_tag_attribution_overlap,,,
John Cosin,5,5,4,John Cosin,attribution,move_to_attribution,high_tag_attribution_overlap,,,
Lutheran Church,5,5,5,Lutheran Church,attribution,move_to_attribution,high_tag_attribution_overlap,,,
Monday Before Easter,5,5,0,Monday Before Easter,,keep,default_keep,,,
Ninth Sunday After Trinity,5,5,0,Ninth Sunday After Trinity,,keep,default_keep,,,
Prayers of the World-Wide Church,5,5,3,Prayers of the World-Wide Church,,keep,default_keep,,,
Prayers Which May Be Used at the Burial of One Who Has Taken His Own Life,5,5,0,Prayers Which May Be Used at the Burial of One Who Has Taken His Own Life,,keep,default_keep,,,
R. M. Benson,5,5,5,R. M. Benson,attribution,move_to_attribution,high_tag_attribution_overlap,,,
Richard D. Acland,5,5,5,Richard D. Acland,attribution,move_to_attribution,high_tag_attribution_overlap,,,
Rites of Healing (Prayers for Use by a Sick Person),5,5,0,Rites of Healing (Prayers for Use by a Sick Person),,keep,default_keep,,,
Ruby E. Cleeve,5,5,5,Ruby E. Cleeve,attribution,move_to_attribution,high_tag_attribution_overlap,,,
Second Sunday in Lent,5,5,0,Second Sunday in Lent,,keep,default_keep,,,
Seventeenth Sunday After Trinity,5,5,0,Seventeenth Sunday After Trinity,,keep,default_keep,,,
Sixteenth Sunday After Trinity,5,5,0,Sixteenth Sunday After Trinity,,keep,default_keep,,,
Sixth Sunday After Epiphany,5,5,0,Sixth Sunday After Epiphany,,keep,default_keep,,,
Sunday After Christmas,5,5,0,Sunday After Christmas,,keep,default_keep,,,
The Spirit of Service,5,5,0,The Spirit of Service,,keep,default_keep,,,
Third Sunday After Epiphany,5,5,0,Third Sunday After Epiphany,,keep,default_keep,,,
Third Sunday in Advent,5,5,0,Third Sunday in Advent,,keep,default_keep,,,
Third Sunday in Lent,5,5,0,Third Sunday in Lent,,keep,default_keep,,,
Thomas Ken,5,5,5,Thomas Ken,attribution,move_to_attribution,high_tag_attribution_overlap,,,
Twentieth Sunday After Trinity,5,5,0,Twentieth Sunday After Trinity,,keep,default_keep,,,
Twenty-Second Sunday After Trinity,5,5,0,Twenty-Second Sunday After Trinity,,keep,default_keep,,,
Vesting Prayers,5,5,0,Vesting Prayers,,keep,default_keep,,,
W. Walsham How,5,5,2,W. Walsham How,,keep,default_keep,,,
"A Form of Prayer, May 1940",4,4,4,"A Form of Prayer, May 1940",attribution,move_to_attribution,high_tag_attribution_overlap,,,
A. McCheane,4,4,0,A. McCheane,,keep,default_keep,,,
Clement of Rome,4,4,4,Clement of Rome,attribution,move_to_attribution,high_tag_attribution_overlap,,,
Country Services,4,4,3,Country Services,,keep,default_keep,,,
E. W. Benson,4,4,3,E. W. Benson,,keep,default_keep,,,
Ember Days,4,4,0,Ember Days,,keep,default_keep,,,
Fifth Sunday After Trinity,4,4,0,Fifth Sunday After Trinity,,keep,default_keep,,,
Fourth Sunday After Easter,4,4,0,Fourth Sunday After Easter,,keep,default_keep,,,
Guild of St. Raphael,4,4,4,Guild of St. Raphael,source,move_to_source,high_overlap_and_source_like,,,
J. Armitage Robinson,4,4,3,J. Armitage Robinson,,keep,default_keep,,,
John Donne,4,4,4,John Donne,attribution,move_to_attribution,high_tag_attribution_overlap,,,
John Wesley’s Prayers,4,4,2,John Wesley’s Prayers,,keep,default_keep,,,
Mothers’ Union,4,4,4,Mothers’ Union,attribution,move_to_attribution,high_tag_attribution_overlap,,,
National Days,4,4,0,National Days,,keep,default_keep,,,
Percy Dearmer,4,4,3,Percy Dearmer,,keep,default_keep,,,
Rogation Days,4,4,0,Rogation Days,,keep,default_keep,,,
Second Sunday After Trinity,4,4,0,Second Sunday After Trinity,,keep,default_keep,,,
Sixth Sunday After Trinity,4,4,0,Sixth Sunday After Trinity,,keep,default_keep,,,
The Christmas Crib,4,4,0,The Christmas Crib,,keep,default_keep,,,
The Eastern Church,4,4,0,The Eastern Church,,keep,default_keep,,,
Third Sunday After Easter,4,4,0,Third Sunday After Easter,,keep,default_keep,,,
Thirteenth Sunday After Trinity,4,4,0,Thirteenth Sunday After Trinity,,keep,default_keep,,,
Twelfth Sunday After Trinity,4,4,0,Twelfth Sunday After Trinity,,keep,default_keep,,,
Twenty-First Sunday After Trinity,4,4,0,Twenty-First Sunday After Trinity,,keep,default_keep,,,
Twenty-Fourth Sunday After Trinity,4,4,0,Twenty-Fourth Sunday After Trinity,,keep,default_keep,,,
Twenty-Third Sunday After Trinity,4,4,0,Twenty-Third Sunday After Trinity,,keep,default_keep,,,
William Laud,4,4,2,William Laud,,keep,default_keep,,,
"A Form of Prayer, August 1914",3,3,3,"A Form of Prayer, August 1914",attribution,move_to_attribution,high_tag_attribution_overlap,,,
"A Form of Prayer, August 1918",3,3,2,"A Form of Prayer, August 1918",,keep,default_keep,,,
After Jeremy Taylor,3,3,3,After Jeremy Taylor,source,move_to_source,non_scriptural_provenance_prefix,,,
"Anglican Altar Services, 1941",3,3,3,"Anglican Altar Services, 1941",attribution,move_to_attribution,high_tag_attribution_overlap,,,
Arthur W. Robinson,3,3,3,Arthur W. Robinson,attribution,move_to_attribution,high_tag_attribution_overlap,,,
Basil,3,3,3,Basil,attribution,move_to_attribution,high_tag_attribution_overlap,,,
Charles H. Brent,3,3,2,Charles H. Brent,,keep,default_keep,,,
E. M. Goulburn,3,3,3,E. M. Goulburn,attribution,move_to_attribution,high_tag_attribution_overlap,,,
E. Milner-White,3,3,3,E. Milner-White,attribution,move_to_attribution,high_tag_attribution_overlap,,,
Erasmus,3,3,1,Erasmus,,keep,default_keep,,,
For the Blessing of a Civil Marriage,3,3,0,For the Blessing of a Civil Marriage,,keep,default_keep,,,
Gallican Sacramentary,3,3,2,Gallican Sacramentary,,keep,default_keep,,,
Gavin Hamilton,3,3,2,Gavin Hamilton,,keep,default_keep,,,
George H. Russell,3,3,1,George H. Russell,,keep,default_keep,,,
George Timms,3,3,3,George Timms,attribution,move_to_attribution,high_tag_attribution_overlap,,,
"German Reformed Church, U.S.A.",3,3,3,"German Reformed Church, U.S.A.",attribution,move_to_attribution,high_tag_attribution_overlap,,,
Handley C. G. Moule,3,3,1,Handley C. G. Moule,,keep,default_keep,,,
J. Mountain,3,3,0,J. Mountain,,keep,default_keep,,,
James Martineau,3,3,2,James Martineau,,keep,default_keep,,,
John Chrysostom,3,3,3,John Chrysostom,attribution,move_to_attribution,high_tag_attribution_overlap,,,
Monday in Easter Week,3,3,0,Monday in Easter Week,,keep,default_keep,,,
Nerses of Clajes,3,3,3,Nerses of Clajes,attribution,move_to_attribution,high_tag_attribution_overlap,,,
Old Gallican Sacramentary,3,3,0,Old Gallican Sacramentary,,keep,default_keep,,,
Ryan Willers,3,3,3,Ryan Willers,attribution,move_to_attribution,high_tag_attribution_overlap,,,
Seventh Sunday After Trinity,3,3,0,Seventh Sunday After Trinity,,keep,default_keep,,,
Student Prayer,3,3,1,Student Prayer,,keep,default_keep,,,
The Clementine Liturgy,3,3,0,The Clementine Liturgy,,keep,default_keep,,,
The Daily Service,3,3,3,The Daily Service,attribution,move_to_attribution,high_tag_attribution_overlap,,,
The Nation (Specific to Canada),3,3,0,The Nation (Specific to Canada),,keep,default_keep,,,
The Nation (Specific to the United States or Mexico),3,3,0,The Nation (Specific to the United States or Mexico),,keep,default_keep,,,
Thomas Wilson,3,3,1,Thomas Wilson,,keep,default_keep,,,
Tuesday Before Easter,3,3,0,Tuesday Before Easter,,keep,default_keep,,,
Tuesday in Easter Week,3,3,0,Tuesday in Easter Week,,keep,default_keep,,,
W. H. Frere,3,3,2,W. H. Frere,,keep,default_keep,,,
Wednesday Before Easter,3,3,0,Wednesday Before Easter,,keep,default_keep,,,
A Book of Public Worship,2,2,2,A Book of Public Worship,source,move_to_source,high_overlap_and_source_like,,,
A Book of Services and Prayers,2,2,2,A Book of Services and Prayers,source,move_to_source,high_overlap_and_source_like,,,
A Devotional Diary,2,2,2,A Devotional Diary,attribution,move_to_attribution,high_tag_attribution_overlap,,,
A New Prayer Book,2,2,2,A New Prayer Book,source,move_to_source,high_overlap_and_source_like,,,
Adapted from Gelasian Sacramentary,2,2,2,Adapted from Gelasian Sacramentary,source,move_to_source,non_scriptural_provenance_prefix,,,
Adapted from Irish Prayer Book,2,2,2,Adapted from Irish Prayer Book,source,move_to_source,non_scriptural_provenance_prefix,,,
Adapted from Jeremy Taylor,2,2,2,Adapted from Jeremy Taylor,source,move_to_source,non_scriptural_provenance_prefix,,,
Adapted from various sources,2,2,2,Adapted from various sources,source,move_to_source,non_scriptural_provenance_prefix,,,
After Gelasian Sacramentary,2,2,2,After Gelasian Sacramentary,source,move_to_source,non_scriptural_provenance_prefix,,,
After J. H. Newman,2,2,2,After J. H. Newman,source,move_to_source,non_scriptural_provenance_prefix,,,
After Lancelot Andrewes,2,2,2,After Lancelot Andrewes,source,move_to_source,non_scriptural_provenance_prefix,,,
After St. Augustine,2,2,2,After St. Augustine,source,move_to_source,non_scriptural_provenance_prefix,,,
Alcuin,2,2,2,Alcuin,attribution,move_to_attribution,high_tag_attribution_overlap,,,
Ashton Oxenden,2,2,0,Ashton Oxenden,,keep,default_keep,,,
Barnabas,2,2,2,Barnabas,attribution,move_to_attribution,high_tag_attribution_overlap,,,
Based on Book of Common Prayer,2,2,2,Based on Book of Common Prayer,source,move_to_source,non_scriptural_provenance_prefix,,,
Book of Prayers for Students,2,2,1,Book of Prayers for Students,,keep,default_keep,,,
Charles Kingsley,2,2,2,Charles Kingsley,attribution,move_to_attribution,high_tag_attribution_overlap,,,
Christian von Bunsen,2,2,1,Christian von Bunsen,,keep,default_keep,,,
Convocation of York,2,2,2,Convocation of York,source,move_to_source,high_overlap_and_source_like,,,
Coptic Liturgy of St. Cyril,2,2,1,Coptic Liturgy of St. Cyril,,keep,default_keep,,,
Diocese of Southwark,2,2,1,Diocese of Southwark,,keep,default_keep,,,
Eugene Bersier,2,2,1,Eugene Bersier,,keep,default_keep,,,
F. T. Woods,2,2,2,F. T. Woods,attribution,move_to_attribution,high_tag_attribution_overlap,,,
Frank Houghton,2,2,2,Frank Houghton,attribution,move_to_attribution,high_tag_attribution_overlap,,,
Frederick Temple,2,2,2,Frederick Temple,attribution,move_to_attribution,high_tag_attribution_overlap,,,
From a prayer of the Eastern Church,2,2,2,From a prayer of the Eastern Church,source,move_to_source,non_scriptural_provenance_prefix,,,
From the Accession Service,2,2,2,From the Accession Service,source,move_to_source,non_scriptural_provenance_prefix,,,
G. C. Binyon,2,2,1,G. C. Binyon,,keep,default_keep,,,
Gordon Hewitt,2,2,2,Gordon Hewitt,attribution,move_to_attribution,high_tag_attribution_overlap,,,
Gothic Missal,2,2,1,Gothic Missal,,keep,default_keep,,,
H. F. Leatherland,2,2,2,H. F. Leatherland,attribution,move_to_attribution,high_tag_attribution_overlap,,,
Henry P. Liddon,2,2,2,Henry P. Liddon,attribution,move_to_attribution,high_tag_attribution_overlap,,,
J. Taylor Smith,2,2,0,J. Taylor Smith,,keep,default_keep,,,
James Mountain,2,2,1,James Mountain,,keep,default_keep,,,
John Dowden,2,2,2,John Dowden,attribution,move_to_attribution,high_tag_attribution_overlap,,,
John Wordsworth,2,2,2,John Wordsworth,attribution,move_to_attribution,high_tag_attribution_overlap,,,
"King’s College, Cambridge",2,2,2,"King’s College, Cambridge",attribution,move_to_attribution,high_tag_attribution_overlap,,,
Leslie D. Weatherhead,2,2,2,Leslie D. Weatherhead,attribution,move_to_attribution,high_tag_attribution_overlap,,,
Leslie S. Hunter,2,2,2,Leslie S. Hunter,attribution,move_to_attribution,high_tag_attribution_overlap,,,
Let Us Pray,2,2,2,Let Us Pray,attribution,move_to_attribution,high_tag_attribution_overlap,,,
Liturgy of the Blessed Apostles,2,2,0,Liturgy of the Blessed Apostles,,keep,default_keep,,,
Margaret Cropper,2,2,2,Margaret Cropper,attribution,move_to_attribution,high_tag_attribution_overlap,,,
"National Mission, 1916",2,2,2,"National Mission, 1916",attribution,move_to_attribution,high_tag_attribution_overlap,,,
Office of None,2,2,2,Office of None,source,move_to_source,high_overlap_and_source_like,,,
Office of Sext,2,2,2,Office of Sext,source,move_to_source,high_overlap_and_source_like,,,
Polycarp,2,2,2,Polycarp,attribution,move_to_attribution,high_tag_attribution_overlap,,,
"Prayers for Education Sunday, 1956",2,2,2,"Prayers for Education Sunday, 1956",attribution,move_to_attribution,high_tag_attribution_overlap,,,
Religious Drama Society,2,2,2,Religious Drama Society,source,move_to_source,high_overlap_and_source_like,,,
Salisbury Cathedral,2,2,2,Salisbury Cathedral,attribution,move_to_attribution,high_tag_attribution_overlap,,,
Samuel Johnson,2,2,1,Samuel Johnson,,keep,default_keep,,,
Seasonal,2,2,0,Seasonal,,keep,default_keep,,,
Southwark Diocese,2,2,2,Southwark Diocese,source,move_to_source,high_overlap_and_source_like,,,
St. Anselm,2,2,2,St. Anselm,attribution,move_to_attribution,high_tag_attribution_overlap,,,
St. Francis of Assisi,2,2,2,St. Francis of Assisi,attribution,move_to_attribution,high_tag_attribution_overlap,,,
St. Ignatius Loyola,2,2,2,St. Ignatius Loyola,attribution,move_to_attribution,high_tag_attribution_overlap,,,
Sursum Corda,2,2,2,Sursum Corda,attribution,move_to_attribution,high_tag_attribution_overlap,,,
Thanksgivings for Family and Personal Life,2,2,0,Thanksgivings for Family and Personal Life,,keep,default_keep,,,
Thanksgivings for National Life,2,2,0,Thanksgivings for National Life,,keep,default_keep,,,
Thanksgivings for the Church,2,2,0,Thanksgivings for the Church,,keep,default_keep,,,
Thanksgivings for the Natural Order,2,2,0,Thanksgivings for the Natural Order,,keep,default_keep,,,
The Baptism of Jesus,2,2,0,The Baptism of Jesus,,keep,default_keep,,,
"The Missionary Conference, 1894",2,2,1,"The Missionary Conference, 1894",,keep,default_keep,,,
The Splendour of God,2,2,1,The Splendour of God,,keep,default_keep,,,
Thomas à Kempis,2,2,2,Thomas à Kempis,attribution,move_to_attribution,high_tag_attribution_overlap,,,
William Bellars,2,2,2,William Bellars,attribution,move_to_attribution,high_tag_attribution_overlap,,,
1 Peter 5:10–11,1,1,1,1 Peter 5:10–11,citation_scripture,move_to_citation,scripture_reference_or_provenance,,,
"A Form of Prayer, March 1941",1,1,1,"A Form of Prayer, March 1941",attribution,move_to_attribution,high_tag_attribution_overlap,,,
"A Form of Prayer, October 1939",1,1,1,"A Form of Prayer, October 1939",attribution,move_to_attribution,high_tag_attribution_overlap,,,
A Harvest of Myrrh and Spices (trs. W. H. Draper),1,1,1,A Harvest of Myrrh and Spices (trs. W. H. Draper),attribution,move_to_attribution,high_tag_attribution_overlap,,,
A Prayer of the Eastern Church,1,1,1,A Prayer of the Eastern Church,attribution,move_to_attribution,high_tag_attribution_overlap,,,
A. S. T. Fisher,1,1,1,A. S. T. Fisher,attribution,move_to_attribution,high_tag_attribution_overlap,,,
A.C.C.M.,1,1,1,A.C.C.M.,attribution,move_to_attribution,high_tag_attribution_overlap,,,
Acts of Devotion,1,1,1,Acts of Devotion,attribution,move_to_attribution,high_tag_attribution_overlap,,,
Adapted from a 16th c. German prayer,1,1,1,Adapted from a 16th c. German prayer,source,move_to_source,non_scriptural_provenance_prefix,,,
Adapted from A Book of Guide Prayers,1,1,1,Adapted from A Book of Guide Prayers,source,move_to_source,non_scriptural_provenance_prefix,,,
Adapted from A Diocesan Service Book,1,1,1,Adapted from A Diocesan Service Book,source,move_to_source,non_scriptural_provenance_prefix,,,
Adapted from a prayer at the London Hospital,1,1,1,Adapted from a prayer at the London Hospital,source,move_to_source,non_scriptural_provenance_prefix,,,
Adapted from a prayer for the General Synod in the Irish Prayer Book,1,1,1,Adapted from a prayer for the General Synod in the Irish Prayer Book,source,move_to_source,non_scriptural_provenance_prefix,,,
Adapted from a prayer of A. E. Daldy,1,1,1,Adapted from a prayer of A. E. Daldy,source,move_to_source,non_scriptural_provenance_prefix,,,
Adapted from a prayer of S.P.C.K.,1,1,1,Adapted from a prayer of S.P.C.K.,source,move_to_source,non_scriptural_provenance_prefix,,,
Adapted from a prayer of St. Thomas Aquinas,1,1,1,Adapted from a prayer of St. Thomas Aquinas,source,move_to_source,non_scriptural_provenance_prefix,,,
Adapted from an ancient collect,1,1,1,Adapted from an ancient collect,source,move_to_source,non_scriptural_provenance_prefix,,,
Adapted from Book of Common Order,1,1,1,Adapted from Book of Common Order,source,move_to_source,non_scriptural_provenance_prefix,,,
Adapted from Didache,1,1,1,Adapted from Didache,source,move_to_source,non_scriptural_provenance_prefix,,,
Adapted from George Appleton,1,1,1,Adapted from George Appleton,source,move_to_source,non_scriptural_provenance_prefix,,,
Adapted from John Donne,1,1,1,Adapted from John Donne,source,move_to_source,non_scriptural_provenance_prefix,,,
Adapted from Lancelot Andrewes (Daily Prayer),1,1,1,Adapted from Lancelot Andrewes (Daily Prayer),source,move_to_source,non_scriptural_provenance_prefix,,,
Adapted from Liturgy of St. James,1,1,1,Adapted from Liturgy of St. James,source,move_to_source,non_scriptural_provenance_prefix,,,
Adapted from Micah 6:8,1,1,1,Adapted from Micah 6:8,citation_scripture,move_to_citation,scripture_reference_or_provenance,,,
Adapted from Mozarabic Sacramentary,1,1,1,Adapted from Mozarabic Sacramentary,source,move_to_source,non_scriptural_provenance_prefix,,,
Adapted from Prayers for the Christian Year,1,1,1,Adapted from Prayers for the Christian Year,source,move_to_source,non_scriptural_provenance_prefix,,,
Adapted from Roman Breviary,1,1,1,Adapted from Roman Breviary,source,move_to_source,non_scriptural_provenance_prefix,,,
Adapted from Sarum Missal,1,1,1,Adapted from Sarum Missal,source,move_to_source,non_scriptural_provenance_prefix,,,
Adapted from Sarum Primer,1,1,1,Adapted from Sarum Primer,source,move_to_source,non_scriptural_provenance_prefix,,,
Adapted from Scottish Prayer Book,1,1,1,Adapted from Scottish Prayer Book,source,move_to_source,non_scriptural_provenance_prefix,,,
Adapted from St. Nerses of Clajes,1,1,1,Adapted from St. Nerses of Clajes,source,move_to_source,non_scriptural_provenance_prefix,,,
Adapted from Student Prayer,1,1,1,Adapted from Student Prayer,source,move_to_source,non_scriptural_provenance_prefix,,,
Adapted from Thomas Arnold,1,1,1,Adapted from Thomas Arnold,source,move_to_source,non_scriptural_provenance_prefix,,,
After A. J. Mason,1,1,1,After A. J. Mason,source,move_to_source,non_scriptural_provenance_prefix,,,
After Christina Rossetti,1,1,1,After Christina Rossetti,source,move_to_source,non_scriptural_provenance_prefix,,,
After George Wither (Daily Prayer),1,1,1,After George Wither (Daily Prayer),source,move_to_source,non_scriptural_provenance_prefix,,,
After Mozarabic Sacramentary,1,1,1,After Mozarabic Sacramentary,source,move_to_source,non_scriptural_provenance_prefix,,,
After Prayers of 1585,1,1,1,After Prayers of 1585,source,move_to_source,non_scriptural_provenance_prefix,,,
After Sir Francis Drake,1,1,1,After Sir Francis Drake,source,move_to_source,non_scriptural_provenance_prefix,,,
After St. Anselm,1,1,1,After St. Anselm,source,move_to_source,non_scriptural_provenance_prefix,,,
After St. Francis of Assisi,1,1,1,After St. Francis of Assisi,source,move_to_source,non_scriptural_provenance_prefix,,,
After St. Fulgentius,1,1,1,After St. Fulgentius,source,move_to_source,non_scriptural_provenance_prefix,,,
After St. Jerome,1,1,1,After St. Jerome,source,move_to_source,non_scriptural_provenance_prefix,,,
After St. Thomas Aquinas,1,1,1,After St. Thomas Aquinas,source,move_to_source,non_scriptural_provenance_prefix,,,
After the 55th Canon of 1603,1,1,1,After the 55th Canon of 1603,source,move_to_source,non_scriptural_provenance_prefix,,,
After William Laud,1,1,1,After William Laud,source,move_to_source,non_scriptural_provenance_prefix,,,
An adaptation of the Gelasian prayer,1,1,1,An adaptation of the Gelasian prayer,attribution,move_to_attribution,high_tag_attribution_overlap,,,
An adaptation of the House of Commons Prayer,1,1,1,An adaptation of the House of Commons Prayer,attribution,move_to_attribution,high_tag_attribution_overlap,,,
Anselm of Canterbury,1,1,1,Anselm of Canterbury,attribution,move_to_attribution,high_tag_attribution_overlap,,,
Armenian Liturgy,1,1,0,Armenian Liturgy,,keep,default_keep,,,
"Armistice Day Prayers, 1931",1,1,0,"Armistice Day Prayers, 1931",,keep,default_keep,,,
Artists’ Prayer Guild,1,1,0,Artists’ Prayer Guild,,keep,default_keep,,,
"Austrian Church Order, 1571",1,1,1,"Austrian Church Order, 1571",source,move_to_source,high_overlap_and_source_like,,,
Based on 1 Peter 1:3–5,1,1,1,Based on 1 Peter 1:3–5,citation_scripture,move_to_citation,scripture_reference_or_provenance,,,
Based on 1 Peter 4:10–11,1,1,1,Based on 1 Peter 4:10–11,citation_scripture,move_to_citation,scripture_reference_or_provenance,,,
Based on 2 Corinthians 4:6,1,1,1,Based on 2 Corinthians 4:6,citation_scripture,move_to_citation,scripture_reference_or_provenance,,,
"Based on 2 John 3:23, 24",1,1,1,"Based on 2 John 3:23, 24",citation_scripture,move_to_citation,scripture_reference_or_provenance,,,
Based on 2 Timothy 3:5–17,1,1,1,Based on 2 Timothy 3:5–17,citation_scripture,move_to_citation,scripture_reference_or_provenance,,,
Based on a 16th century prayer,1,1,1,Based on a 16th century prayer,source,move_to_source,non_scriptural_provenance_prefix,,,
"Based on a prayer of the Pan-Anglican Congress, 1908",1,1,1,"Based on a prayer of the Pan-Anglican Congress, 1908",source,move_to_source,non_scriptural_provenance_prefix,,,
Based on a sixteenth century prayer,1,1,1,Based on a sixteenth century prayer,source,move_to_source,non_scriptural_provenance_prefix,,,
Based on Colossians 1:10–12,1,1,1,Based on Colossians 1:10–12,citation_scripture,move_to_citation,scripture_reference_or_provenance,,,
Based on Colossians 3:1–4,1,1,1,Based on Colossians 3:1–4,citation_scripture,move_to_citation,scripture_reference_or_provenance,,,
Based on Confirmation Service,1,1,1,Based on Confirmation Service,source,move_to_source,non_scriptural_provenance_prefix,,,
Based on Ephesians 1:17–21,1,1,1,Based on Ephesians 1:17–21,citation_scripture,move_to_citation,scripture_reference_or_provenance,,,
Based on Ephesians 4:11–13,1,1,1,Based on Ephesians 4:11–13,citation_scripture,move_to_citation,scripture_reference_or_provenance,,,
Based on Ephesians 4:30–32,1,1,1,Based on Ephesians 4:30–32,citation_scripture,move_to_citation,scripture_reference_or_provenance,,,
Based on Ephesians 4:4–6,1,1,1,Based on Ephesians 4:4–6,citation_scripture,move_to_citation,scripture_reference_or_provenance,,,
Based on Ephesians 6:11–17,1,1,1,Based on Ephesians 6:11–17,citation_scripture,move_to_citation,scripture_reference_or_provenance,,,
"Based on Galatians 5:22, 23",1,1,1,"Based on Galatians 5:22, 23",citation_scripture,move_to_citation,scripture_reference_or_provenance,,,
Based on Hebrews 10:19–24,1,1,1,Based on Hebrews 10:19–24,citation_scripture,move_to_citation,scripture_reference_or_provenance,,,
"Based on Hebrews 13:20, 21",1,1,1,"Based on Hebrews 13:20, 21",citation_scripture,move_to_citation,scripture_reference_or_provenance,,,
Based on John 4:23; Isaiah 29:13; Psalm 103.,1,1,1,Based on John 4:23; Isaiah 29:13; Psalm 103.,citation_scripture,move_to_citation,scripture_reference_or_provenance,,,
Based on Luke 8:15,1,1,1,Based on Luke 8:15,citation_scripture,move_to_citation,scripture_reference_or_provenance,,,
Based on Numbers 6:24–26,1,1,1,Based on Numbers 6:24–26,citation_scripture,move_to_citation,scripture_reference_or_provenance,,,
Based on Philippians 1:9–11,1,1,1,Based on Philippians 1:9–11,citation_scripture,move_to_citation,scripture_reference_or_provenance,,,
Based on Philippians 2:8–11,1,1,1,Based on Philippians 2:8–11,citation_scripture,move_to_citation,scripture_reference_or_provenance,,,
Based on Philippians 2:9–11,1,1,1,Based on Philippians 2:9–11,citation_scripture,move_to_citation,scripture_reference_or_provenance,,,
Based on Philippians 4:4–7,1,1,1,Based on Philippians 4:4–7,citation_scripture,move_to_citation,scripture_reference_or_provenance,,,
"Based on Psalm 119. 105, 18, 162",1,1,1,"Based on Psalm 119. 105, 18, 162",citation_scripture,move_to_citation,scripture_reference_or_provenance,,,
Based on Psalm 23:1–3,1,1,1,Based on Psalm 23:1–3,citation_scripture,move_to_citation,scripture_reference_or_provenance,,,
Based on Romans 12:19–21,1,1,1,Based on Romans 12:19–21,citation_scripture,move_to_citation,scripture_reference_or_provenance,,,
Based on Romans 12:6–10. #### The first sign,1,1,0,Based on Romans 12:6–10. #### The first sign,citation_scripture,move_to_citation,scripture_reference_or_provenance,,,
"Based on Romans 13. 11, 12, 1 Thessalonians 5:8",1,1,0,"Based on Romans 13. 11, 12, 1 Thessalonians 5:8",citation_scripture,move_to_citation,scripture_reference_or_provenance,,,
Based on Romans 15:13,1,1,1,Based on Romans 15:13,citation_scripture,move_to_citation,scripture_reference_or_provenance,,,
Based on Thomas Ken,1,1,1,Based on Thomas Ken,source,move_to_source,non_scriptural_provenance_prefix,,,
Benedict of Nursia,1,1,1,Benedict of Nursia,attribution,move_to_attribution,high_tag_attribution_overlap,,,
Benjamin Jenks,1,1,0,Benjamin Jenks,,keep,default_keep,,,
Bible Reading Fellowship,1,1,1,Bible Reading Fellowship,attribution,move_to_attribution,high_tag_attribution_overlap,,,
"Book of Hours, 1864",1,1,1,"Book of Hours, 1864",source,move_to_source,high_overlap_and_source_like,,,
"Book of Offices, Methodist Church",1,1,1,"Book of Offices, Methodist Church",source,move_to_source,high_overlap_and_source_like,,,
Book of Public Worship,1,1,1,Book of Public Worship,source,move_to_source,high_overlap_and_source_like,,,
British Hospital for Mothers and Babies,1,1,1,British Hospital for Mothers and Babies,attribution,move_to_attribution,high_tag_attribution_overlap,,,
Brompton Parish Church,1,1,1,Brompton Parish Church,attribution,move_to_attribution,high_tag_attribution_overlap,,,
C. C. B. Bardsley,1,1,0,C. C. B. Bardsley,,keep,default_keep,,,
C. M. Blagden,1,1,1,C. M. Blagden,attribution,move_to_attribution,high_tag_attribution_overlap,,,
C. S. Woodward,1,1,1,C. S. Woodward,attribution,move_to_attribution,high_tag_attribution_overlap,,,
C.I.P.B.C. Prayer Book,1,1,1,C.I.P.B.C. Prayer Book,source,move_to_source,high_overlap_and_source_like,,,
Central Board of Finance,1,1,1,Central Board of Finance,source,move_to_source,high_overlap_and_source_like,,,
Charles F. d’Arcy,1,1,1,Charles F. d’Arcy,attribution,move_to_attribution,high_tag_attribution_overlap,,,
Charles Gore,1,1,1,Charles Gore,attribution,move_to_attribution,high_tag_attribution_overlap,,,
Church Army,1,1,1,Church Army,attribution,move_to_attribution,high_tag_attribution_overlap,,,
Church’s Ministry among the Jews,1,1,1,Church’s Ministry among the Jews,attribution,move_to_attribution,high_tag_attribution_overlap,,,
Clement of Alexandria,1,1,1,Clement of Alexandria,attribution,move_to_attribution,high_tag_attribution_overlap,,,
Collect of Easter Even,1,1,1,Collect of Easter Even,attribution,move_to_attribution,high_tag_attribution_overlap,,,
Community of the Resurrection,1,1,1,Community of the Resurrection,attribution,move_to_attribution,high_tag_attribution_overlap,,,
Daybreak Office of the Eastern Church,1,1,1,Daybreak Office of the Eastern Church,source,move_to_source,high_overlap_and_source_like,,,
Diocese of Rochester,1,1,1,Diocese of Rochester,source,move_to_source,high_overlap_and_source_like,,,
Diocese of Uganda,1,1,1,Diocese of Uganda,source,move_to_source,high_overlap_and_source_like,,,
Douglas Crick,1,1,1,Douglas Crick,attribution,move_to_attribution,high_tag_attribution_overlap,,,
E. C. Ratcliff,1,1,0,E. C. Ratcliff,,keep,default_keep,,,
E. M. Venables,1,1,0,E. M. Venables,,keep,default_keep,,,
Edward Hawkins,1,1,1,Edward Hawkins,attribution,move_to_attribution,high_tag_attribution_overlap,,,
Emil E. Fischer,1,1,1,Emil E. Fischer,attribution,move_to_attribution,high_tag_attribution_overlap,,,
Ephesians 3:14–19,1,1,1,Ephesians 3:14–19,citation_scripture,move_to_citation,scripture_reference_or_provenance,,,
"Ephesians 3:20, 21",1,1,1,"Ephesians 3:20, 21",citation_scripture,move_to_citation,scripture_reference_or_provenance,,,
Eric Fenn,1,1,1,Eric Fenn,attribution,move_to_attribution,high_tag_attribution_overlap,,,
F. D. Maurice,1,1,1,F. D. Maurice,attribution,move_to_attribution,high_tag_attribution_overlap,,,
F. J. A. Hort,1,1,0,F. J. A. Hort,,keep,default_keep,,,
Faith and Order Conference Manual,1,1,0,Faith and Order Conference Manual,,keep,default_keep,,,
Fellowship Litanies,1,1,1,Fellowship Litanies,attribution,move_to_attribution,high_tag_attribution_overlap,,,
Fielding Ould,1,1,1,Fielding Ould,attribution,move_to_attribution,high_tag_attribution_overlap,,,
Fifth century,1,1,1,Fifth century,attribution,move_to_attribution,high_tag_attribution_overlap,,,
"Form of National Prayer, 1942",1,1,1,"Form of National Prayer, 1942",attribution,move_to_attribution,high_tag_attribution_overlap,,,
"Form of National Prayer, May 1940",1,1,1,"Form of National Prayer, May 1940",attribution,move_to_attribution,high_tag_attribution_overlap,,,
Francis J. Moore,1,1,0,Francis J. Moore,,keep,default_keep,,,
Francis Xavier,1,1,1,Francis Xavier,attribution,move_to_attribution,high_tag_attribution_overlap,,,
Franciscan Breviary,1,1,1,Franciscan Breviary,source,move_to_source,high_overlap_and_source_like,,,
Frank Edward Brightman,1,1,1,Frank Edward Brightman,attribution,move_to_attribution,high_tag_attribution_overlap,,,
From an ancient prayer,1,1,1,From an ancient prayer,source,move_to_source,non_scriptural_provenance_prefix,,,
From Book of Common Prayer,1,1,1,From Book of Common Prayer,source,move_to_source,non_scriptural_provenance_prefix,,,
From Primer of 1555,1,1,1,From Primer of 1555,source,move_to_source,non_scriptural_provenance_prefix,,,
From the Gothic,1,1,1,From the Gothic,source,move_to_source,non_scriptural_provenance_prefix,,,
From the Litany,1,1,1,From the Litany,source,move_to_source,non_scriptural_provenance_prefix,,,
From the Liturgy of Malabar,1,1,1,From the Liturgy of Malabar,source,move_to_source,non_scriptural_provenance_prefix,,,
From the Order of Compline,1,1,1,From the Order of Compline,source,move_to_source,non_scriptural_provenance_prefix,,,
G. E. L. Cotton,1,1,1,G. E. L. Cotton,attribution,move_to_attribution,high_tag_attribution_overlap,,,
Geneva Bible,1,1,1,Geneva Bible,attribution,move_to_attribution,high_tag_attribution_overlap,,,
Geoffrey F. Fisher,1,1,1,Geoffrey F. Fisher,attribution,move_to_attribution,high_tag_attribution_overlap,,,
George Adam Smith,1,1,1,George Adam Smith,attribution,move_to_attribution,high_tag_attribution_overlap,,,
George Dawson,1,1,0,George Dawson,,keep,default_keep,,,
George Hickes,1,1,1,George Hickes,attribution,move_to_attribution,high_tag_attribution_overlap,,,
George Timms (after C. J. Vaughan),1,1,1,George Timms (after C. J. Vaughan),attribution,move_to_attribution,high_tag_attribution_overlap,,,
Gladys E. Bretherton,1,1,1,Gladys E. Bretherton,attribution,move_to_attribution,high_tag_attribution_overlap,,,
"Godly Prayers, 1559",1,1,0,"Godly Prayers, 1559",,keep,default_keep,,,
Gregory Nazianzen,1,1,1,Gregory Nazianzen,attribution,move_to_attribution,high_tag_attribution_overlap,,,
Guildford Diocese,1,1,1,Guildford Diocese,source,move_to_source,high_overlap_and_source_like,,,
H. Bisseker,1,1,1,H. Bisseker,attribution,move_to_attribution,high_tag_attribution_overlap,,,
H. C. Cooksey,1,1,1,H. C. Cooksey,attribution,move_to_attribution,high_tag_attribution_overlap,,,
H. J. Wotherspoon,1,1,1,H. J. Wotherspoon,attribution,move_to_attribution,high_tag_attribution_overlap,,,
H. Stobat,1,1,1,H. Stobat,attribution,move_to_attribution,high_tag_attribution_overlap,,,
"Hebrews 13:20, 21",1,1,1,"Hebrews 13:20, 21",citation_scripture,move_to_citation,scripture_reference_or_provenance,,,
Henry Hayman,1,1,1,Henry Hayman,attribution,move_to_attribution,high_tag_attribution_overlap,,,
Henry Scott Holland,1,1,1,Henry Scott Holland,attribution,move_to_attribution,high_tag_attribution_overlap,,,
Hugh Martin,1,1,1,Hugh Martin,attribution,move_to_attribution,high_tag_attribution_overlap,,,
Ignatius,1,1,1,Ignatius,attribution,move_to_attribution,high_tag_attribution_overlap,,,
In the Tradition of Francis of Assisi,1,1,1,In the Tradition of Francis of Assisi,attribution,move_to_attribution,high_tag_attribution_overlap,,,
In Watchings Often,1,1,1,In Watchings Often,attribution,move_to_attribution,high_tag_attribution_overlap,,,
Inter-Varsity Fellowship,1,1,0,Inter-Varsity Fellowship,,keep,default_keep,,,
Irenaeus,1,1,1,Irenaeus,attribution,move_to_attribution,high_tag_attribution_overlap,,,
J. H. Oldham,1,1,1,J. H. Oldham,attribution,move_to_attribution,high_tag_attribution_overlap,,,
J. W. Suter,1,1,1,J. W. Suter,attribution,move_to_attribution,high_tag_attribution_overlap,,,
James Wareham,1,1,1,James Wareham,attribution,move_to_attribution,high_tag_attribution_overlap,,,
John Calvin,1,1,1,John Calvin,attribution,move_to_attribution,high_tag_attribution_overlap,,,
John Henry Newman,1,1,1,John Henry Newman,attribution,move_to_attribution,high_tag_attribution_overlap,,,
John Wesley,1,1,1,John Wesley,attribution,move_to_attribution,high_tag_attribution_overlap,,,
Joost de Blank,1,1,1,Joost de Blank,attribution,move_to_attribution,high_tag_attribution_overlap,,,
Joseph Hall,1,1,1,Joseph Hall,attribution,move_to_attribution,high_tag_attribution_overlap,,,
Joseph Mercier,1,1,1,Joseph Mercier,attribution,move_to_attribution,high_tag_attribution_overlap,,,
"Jude 24, 25",1,1,1,"Jude 24, 25",citation_scripture,move_to_citation,scripture_reference_or_provenance,,,
Julian of Norwich,1,1,1,Julian of Norwich,attribution,move_to_attribution,high_tag_attribution_overlap,,,
King Alfred,1,1,1,King Alfred,attribution,move_to_attribution,high_tag_attribution_overlap,,,
"King’s College Chapel, Cambridge",1,1,1,"King’s College Chapel, Cambridge",attribution,move_to_attribution,high_tag_attribution_overlap,,,
"Knox’s Book of Common Order, 1564",1,1,1,"Knox’s Book of Common Order, 1564",source,move_to_source,high_overlap_and_source_like,,,
L. Tuttiet,1,1,1,L. Tuttiet,attribution,move_to_attribution,high_tag_attribution_overlap,,,
"Lambeth Conference, 1930",1,1,1,"Lambeth Conference, 1930",source,move_to_source,high_overlap_and_source_like,,,
"Lambeth Conference, 1958",1,1,1,"Lambeth Conference, 1958",source,move_to_source,high_overlap_and_source_like,,,
Laurence Binyon,1,1,1,Laurence Binyon,attribution,move_to_attribution,high_tag_attribution_overlap,,,
"Leaflet of the Collegium, 1914",1,1,1,"Leaflet of the Collegium, 1914",attribution,move_to_attribution,high_tag_attribution_overlap,,,
Lionel James,1,1,1,Lionel James,attribution,move_to_attribution,high_tag_attribution_overlap,,,
Liturgy of St. Basil,1,1,1,Liturgy of St. Basil,source,move_to_source,high_overlap_and_source_like,,,
Liturgy of St. Dionysius,1,1,1,Liturgy of St. Dionysius,source,move_to_source,high_overlap_and_source_like,,,
Liturgy of the Nestorians,1,1,0,Liturgy of the Nestorians,,keep,default_keep,,,
Liturgy of the Reformed Church of France,1,1,1,Liturgy of the Reformed Church of France,source,move_to_source,high_overlap_and_source_like,,,
Luke 2:15; Isaiah 9:6,1,1,1,Luke 2:15; Isaiah 9:6,citation_scripture,move_to_citation,scripture_reference_or_provenance,,,
M. A. P. Wood (after St. Augustine),1,1,1,M. A. P. Wood (after St. Augustine),attribution,move_to_attribution,high_tag_attribution_overlap,,,
Macrina the Younger,1,1,1,Macrina the Younger,attribution,move_to_attribution,high_tag_attribution_overlap,,,
Mandell Creighton,1,1,1,Mandell Creighton,attribution,move_to_attribution,high_tag_attribution_overlap,,,
Miles Coverdale,1,1,1,Miles Coverdale,attribution,move_to_attribution,high_tag_attribution_overlap,,,
Mozarabic Liturgy,1,1,1,Mozarabic Liturgy,source,move_to_source,high_overlap_and_source_like,,,
Nicholas Ridley,1,1,1,Nicholas Ridley,attribution,move_to_attribution,high_tag_attribution_overlap,,,
Non-Jurors’ Prayer Book,1,1,1,Non-Jurors’ Prayer Book,source,move_to_source,high_overlap_and_source_like,,,
Nonjurors’ Prayer Book,1,1,1,Nonjurors’ Prayer Book,source,move_to_source,high_overlap_and_source_like,,,
Office of Compline,1,1,1,Office of Compline,source,move_to_source,high_overlap_and_source_like,,,
Old Galilean,1,1,0,Old Galilean,,keep,default_keep,,,
Olive Warner,1,1,1,Olive Warner,attribution,move_to_attribution,high_tag_attribution_overlap,,,
Order of Compline,1,1,1,Order of Compline,source,move_to_source,high_overlap_and_source_like,,,
Oxford Diocesan Service Book,1,1,1,Oxford Diocesan Service Book,source,move_to_source,high_overlap_and_source_like,,,
Pakenham Walsh,1,1,1,Pakenham Walsh,attribution,move_to_attribution,high_tag_attribution_overlap,,,
"Peace Prayers, 1946",1,1,1,"Peace Prayers, 1946",attribution,move_to_attribution,high_tag_attribution_overlap,,,
Prayer of the Order,1,1,1,Prayer of the Order,source,move_to_source,high_overlap_and_source_like,,,
Prayer of the Order of the Garter,1,1,1,Prayer of the Order of the Garter,source,move_to_source,high_overlap_and_source_like,,,
"Prayers for Education Sunday, 1957",1,1,1,"Prayers for Education Sunday, 1957",attribution,move_to_attribution,high_tag_attribution_overlap,,,
Praying for the Church Overseas,1,1,1,Praying for the Church Overseas,attribution,move_to_attribution,high_tag_attribution_overlap,,,
Praying for Unity,1,1,1,Praying for Unity,attribution,move_to_attribution,high_tag_attribution_overlap,,,
Priest’s Book of Private Devotion,1,1,1,Priest’s Book of Private Devotion,source,move_to_source,high_overlap_and_source_like,,,
Priest’s Prayer Book,1,1,1,Priest’s Prayer Book,source,move_to_source,high_overlap_and_source_like,,,
"Psalms 104:24; 145:15, 16, 21",1,1,1,"Psalms 104:24; 145:15, 16, 21",citation_scripture,move_to_citation,scripture_reference_or_provenance,,,
R. Ambrose Reeves,1,1,1,R. Ambrose Reeves,attribution,move_to_attribution,high_tag_attribution_overlap,,,
R. W. Stewart,1,1,1,R. W. Stewart,attribution,move_to_attribution,high_tag_attribution_overlap,,,
Randall T. Davidson,1,1,1,Randall T. Davidson,attribution,move_to_attribution,high_tag_attribution_overlap,,,
"Revelation 1:5, 6",1,1,1,"Revelation 1:5, 6",citation_scripture,move_to_citation,scripture_reference_or_provenance,,,
Revelation 4:11; 5:13,1,1,1,Revelation 4:11; 5:13,citation_scripture,move_to_citation,scripture_reference_or_provenance,,,
Richard Baxter,1,1,0,Richard Baxter,,keep,default_keep,,,
Richard of Chichester,1,1,1,Richard of Chichester,attribution,move_to_attribution,high_tag_attribution_overlap,,,
Robert N. Rodenmeyer,1,1,1,Robert N. Rodenmeyer,attribution,move_to_attribution,high_tag_attribution_overlap,,,
Robert Nelson,1,1,1,Robert Nelson,attribution,move_to_attribution,high_tag_attribution_overlap,,,
Roman Breviary,1,1,1,Roman Breviary,source,move_to_source,high_overlap_and_source_like,,,
Roman Missal,1,1,1,Roman Missal,source,move_to_source,high_overlap_and_source_like,,,
Russian Contakion of the Departed,1,1,1,Russian Contakion of the Departed,attribution,move_to_attribution,high_tag_attribution_overlap,,,
Rydal School Hymnal,1,1,1,Rydal School Hymnal,attribution,move_to_attribution,high_tag_attribution_overlap,,,
S. Gladstone,1,1,0,S. Gladstone,,keep,default_keep,,,
S. P. T. Prideaux,1,1,1,S. P. T. Prideaux,attribution,move_to_attribution,high_tag_attribution_overlap,,,
Sarum Breviary,1,1,1,Sarum Breviary,source,move_to_source,high_overlap_and_source_like,,,
Sarum Missal,1,1,1,Sarum Missal,source,move_to_source,high_overlap_and_source_like,,,
School Prayers,1,1,0,School Prayers,,keep,default_keep,,,
Service Book for the Young,1,1,1,Service Book for the Young,source,move_to_source,high_overlap_and_source_like,,,
"St. Aldate’s Church, Oxford",1,1,1,"St. Aldate’s Church, Oxford",attribution,move_to_attribution,high_tag_attribution_overlap,,,
St. Benedict,1,1,1,St. Benedict,attribution,move_to_attribution,high_tag_attribution_overlap,,,
St. Hilary of Poitiers,1,1,0,St. Hilary of Poitiers,,keep,default_keep,,,
St. Patrick’s Breastplate,1,1,1,St. Patrick’s Breastplate,attribution,move_to_attribution,high_tag_attribution_overlap,,,
St. Paul’s Cathedral,1,1,1,St. Paul’s Cathedral,attribution,move_to_attribution,high_tag_attribution_overlap,,,
St. Richard of Chichester,1,1,1,St. Richard of Chichester,attribution,move_to_attribution,high_tag_attribution_overlap,,,
St. Thomas Aquinas,1,1,1,St. Thomas Aquinas,attribution,move_to_attribution,high_tag_attribution_overlap,,,
Student Christian Movement,1,1,1,Student Christian Movement,attribution,move_to_attribution,high_tag_attribution_overlap,,,
Suzanne de Dietrich,1,1,1,Suzanne de Dietrich,attribution,move_to_attribution,high_tag_attribution_overlap,,,
Syrian Clementine Liturgy,1,1,0,Syrian Clementine Liturgy,,keep,default_keep,,,
Te Deum,1,1,1,Te Deum,attribution,move_to_attribution,high_tag_attribution_overlap,,,
Thanksgivings for the Social Order,1,1,0,Thanksgivings for the Social Order,,keep,default_keep,,,
The Boys’ Prayer Book,1,1,1,The Boys’ Prayer Book,source,move_to_source,high_overlap_and_source_like,,,
The C.M.S. Prayer adapted,1,1,1,The C.M.S. Prayer adapted,attribution,move_to_attribution,high_tag_attribution_overlap,,,
The Earl of Meath,1,1,0,The Earl of Meath,,keep,default_keep,,,
The Narrow Way,1,1,1,The Narrow Way,attribution,move_to_attribution,high_tag_attribution_overlap,,,
The Prayer Manual,1,1,1,The Prayer Manual,attribution,move_to_attribution,high_tag_attribution_overlap,,,
The Royal Maundy,1,1,1,The Royal Maundy,attribution,move_to_attribution,high_tag_attribution_overlap,,,
The Unfolding Year,1,1,1,The Unfolding Year,attribution,move_to_attribution,high_tag_attribution_overlap,,,
Thomas Aquinas,1,1,1,Thomas Aquinas,attribution,move_to_attribution,high_tag_attribution_overlap,,,
Thomas Becon,1,1,1,Thomas Becon,attribution,move_to_attribution,high_tag_attribution_overlap,,,
Toc H Prayers,1,1,1,Toc H Prayers,attribution,move_to_attribution,high_tag_attribution_overlap,,,
"Trinity College, Dublin",1,1,1,"Trinity College, Dublin",attribution,move_to_attribution,high_tag_attribution_overlap,,,
"United Lutheran Church, U.S.A.",1,1,1,"United Lutheran Church, U.S.A.",attribution,move_to_attribution,high_tag_attribution_overlap,,,
United Society for Christian Literature,1,1,1,United Society for Christian Literature,source,move_to_source,high_overlap_and_source_like,,,
Uppingham School Prayers,1,1,1,Uppingham School Prayers,attribution,move_to_attribution,high_tag_attribution_overlap,,,
W. Bellars,1,1,0,W. Bellars,,keep,default_keep,,,
W. Boyd Carpenter,1,1,0,W. Boyd Carpenter,,keep,default_keep,,,
W. Charter Piggott,1,1,1,W. Charter Piggott,attribution,move_to_attribution,high_tag_attribution_overlap,,,
W. Hay Aitken,1,1,1,W. Hay Aitken,attribution,move_to_attribution,high_tag_attribution_overlap,,,
W. J. Butler,1,1,0,W. J. Butler,,keep,default_keep,,,
W. K. Hamilton,1,1,0,W. K. Hamilton,,keep,default_keep,,,
W. L. Anderson,1,1,1,W. L. Anderson,attribution,move_to_attribution,high_tag_attribution_overlap,,,
W. M. Clow,1,1,1,W. M. Clow,attribution,move_to_attribution,high_tag_attribution_overlap,,,
W. Rigby Murray,1,1,1,W. Rigby Murray,attribution,move_to_attribution,high_tag_attribution_overlap,,,
W. Walshanz How,1,1,0,W. Walshanz How,,keep,default_keep,,,
W. Waltham How,1,1,0,W. Waltham How,,keep,default_keep,,,
"War Prayers, 1940",1,1,1,"War Prayers, 1940",attribution,move_to_attribution,high_tag_attribution_overlap,,,
Westminster Prayers,1,1,0,Westminster Prayers,,keep,default_keep,,,
When Two or Three,1,1,1,When Two or Three,attribution,move_to_attribution,high_tag_attribution_overlap,,,
Wilfred B. Hornby,1,1,1,Wilfred B. Hornby,attribution,move_to_attribution,high_tag_attribution_overlap,,,
William Martin,1,1,0,William Martin,,keep,default_keep,,,
Winchester Cathedral,1,1,1,Winchester Cathedral,attribution,move_to_attribution,high_tag_attribution_overlap,,,
York Diocese,1,1,1,York Diocese,source,move_to_source,high_overlap_and_source_like,,,
"York Minster, 1547",1,1,1,"York Minster, 1547",attribution,move_to_attribution,high_tag_attribution_overlap,,,
